feature_0,feature_1,feature_2,feature_3,feature_4,feature_5,target
-1.493348774670866,-1.7685467567497666,-4.463407721078804,-2.083577808289505,-0.9762087244401216,-0.8103836944249848,1
-2.3197156418474236,3.078039442721348,1.7307826781633988,0.8886900986742832,-3.457466592740232,0.963296604859499,0
-1.7155531713961207,-1.8071114149805385,0.1276585111388926,-0.9124128676156904,0.7733921272021924,0.0482802803994069,0
-1.4537018237497366,0.8633332598382082,-1.3669214869745494,-0.6125935660850788,-2.0228773088192376,-0.7043251902085312,1
1.503817982677001,1.6317019155478851,0.13755265132348404,0.9841170612668374,-0.6987557678148898,-0.42459357948019355,1
-0.46380254826489475,-0.830943921698353,-0.6125839198743831,-1.3199454353746987,0.8593831674321186,0.563459954183239,0
-1.7664542368407496,-2.334004312623469,-2.651172700050979,-0.3268850550499419,-1.0001429301000928,1.0620161767955376,0
2.2673494815840414,-2.098545042190335,2.297982605950537,2.527663253582263,2.608789244340813,0.43398982500670413,1
-0.09800269496248382,0.6505785055815242,-1.3158237166524998,-0.667213861309589,-0.8186059838464219,0.4855492953021359,1
-1.0840752639320153,1.1213178670930188,1.2056893834869393,1.3484951658557378,-1.8511952854712028,0.7551192439725588,0
-0.9252547060307115,-0.4974801013101897,-2.7218115514403745,-1.6610941401550323,-0.7208471098953908,1.0818261510402631,1
0.2937036807337625,1.8050291987018896,0.21925013087100065,-1.3642836889928929,0.10026659810608285,0.046771430840846465,1
-2.3562996882332077,-2.488630397628538,-1.3771768798145883,-0.28356601694530204,-0.5877064064359766,0.4412715345216878,0
-1.0110469473748354,-1.4825856162021824,-0.1969259513046011,-1.7667391078456873,1.4997674319195533,-0.9822400792231865,0
-0.9404795383849854,2.4878986982243596,0.6971622561121946,0.3189093697714116,-2.239924997531998,0.755901216596352,1
-2.0470371972062242,-1.7822811394048892,-4.750408424034729,-0.22301109425780874,-2.9270957068631365,0.6766479392992815,1
0.6855263528339532,-1.0788500347262282,1.1887496730609628,-0.8883929703340856,2.627034769895048,-0.041608457731060706,1
-2.5433281691865695,0.21714851395621582,-2.0058029432341855,-1.4708605058530906,-2.1066840009025487,-1.1161976113596896,1
-1.8591965020803924,0.11204489926939376,1.9843038219363391,-2.64899530124549,1.7368909040579283,-1.3133748664752432,0
-1.0286207113794736,-3.102585925945402,-2.452657050039016,-1.2925654527730304,0.9111387775726882,-0.6352916046860899,0
-1.078283444942162,-2.506281078042369,0.3503142011827802,-0.28903839820357424,1.3937723722272641,0.17865072858903483,0
1.0421582295411882,-1.6082948143523055,1.2757116489657487,-0.14501485641269785,2.7542144268826556,-1.4420595418582098,1
1.6478013381827963,-1.906536402916839,1.7431542387857675,2.4554940955730475,1.745486136904597,-0.4438583504493367,1
-1.1321382246258898,-1.4800291544850792,-1.2462153135147518,-0.5552854685953545,-0.12250734541656177,-1.0174050212897083,0
1.6777690140113388,0.2831741541757735,0.8765293031627556,1.801333073143974,0.20449270008574233,0.4569673645334697,1
-1.421081749620431,0.014899088303588992,2.4130107868862543,0.4117453906321795,0.09990026563096999,0.3390544511329788,0
1.9654175695810443,-1.0554676419795155,1.695211458606296,3.1965848623942925,0.8005840322346116,0.07176343071505195,1
-0.039376572352817774,0.045849237997726444,-0.4057602129388307,-2.1697322547906905,1.3122695581963404,-1.0114220713710964,0
-0.6827482462779928,-1.2526742883087947,-2.0094246991654625,-1.1369814088865742,0.020061640752138843,1.3040884600469949,0
-2.2696949851513777,-2.7147612922434816,-1.5895306119575638,-0.530949581892798,-0.31004115881068894,0.7912090390128811,0
-0.6667804917325362,-3.2706957339715435,1.7276917655694595,0.5347895359175323,2.4397897409467135,0.8922497157536254,1
-3.0838525717788743,-2.9541525251728826,-1.0982646573005634,-0.8824106711355792,-0.17707869701108403,-0.7661924712634459,0
1.9036127995263776,0.43731555666023403,1.0770720290295048,0.28569241785012056,1.5103764273387628,-2.0598049874083224,1
-1.5038829636833557,1.8094799483524833,-0.3391606007438689,-1.2313684624471481,-1.6422257759325836,0.30612070101196,1
-2.143659474170496,-2.812084711057018,0.7881310925584488,0.15270748190339978,0.7676896588167126,-0.49726396663617856,0
-1.2012535117557326,-2.7838457224448225,-0.8106418623828493,-0.6499226725756125,1.0702238465447869,-1.9627075800084366,0
1.0836232487559014,-2.167726086144633,2.195607643950863,1.2214272557884478,2.7094301935212313,2.26425812793778,1
-0.27750944825775203,1.9055267760327619,-0.02745763084881203,-0.554572832319163,-1.136038840877976,1.019591813030795,1
1.2039916045260322,-1.5669646013401,1.7996739457704063,-0.22626708102910742,3.217962913168062,-1.096785837449347,1
0.1591274889516655,-1.7894999457492644,1.5473513115813882,-1.309730558921812,3.2705550304370057,-2.364902425390615,1
2.1152118470635837,0.21808825079247285,0.9848270534796326,3.2045997481208834,-0.41289576575230075,-0.8343130740405719,1
-1.5302080683479566,-1.364549653653675,-0.9426954664381212,-0.579991699103837,-0.29154610437349254,0.10852127607235619,0
1.6341491891293893,0.6717228039330754,0.04058213497484553,1.8833306252196829,-0.6616297096121427,0.11036885671691517,1
-0.14250961865802236,1.7204149543079854,-0.8158850366285368,-2.5879760783605903,0.13285905970550171,-1.8587273710936711,0
-1.1522128753398388,-0.8015458134202447,-0.9558736871433596,-1.0592189059368096,-0.061317705020412214,1.558721212843437,0
-0.9556659288042781,-1.3293182646840833,-1.3567693476713947,-1.6765793312992976,0.6693423304294274,-0.17742043820849684,0
-0.022474713353491937,-2.0748122476767126,0.5687704192246712,0.1905815464988776,1.6327069820727254,0.5549401995673372,0
-1.0103266963744726,0.4411810290481518,1.1003609394403364,4.226328941272127,-3.529800993020085,0.7193514492908354,0
-0.2959609105309463,0.8556923876098197,-0.47697809702082083,-1.2027038963597156,-0.20301594912367715,0.21480752287701615,0
-0.5946889932623689,-0.0709343924779744,0.8277312030019018,-1.6991682296291786,1.3807108908964998,-1.3852570895073022,0
-0.3953846680549773,1.6035434789089074,0.7748659492582926,-1.0820029070140982,-0.13596951987501127,-0.0923413629918523,0
-0.37291128086623626,0.5479123169740617,0.25903132030775167,-1.630131967834991,0.7164951024091476,1.2923332141681654,0
-1.9301409842860857,1.3454430434679412,3.866743672170021,-0.5853657349236221,0.4164787715460949,0.6139584082708136,0
-2.987923050890516,-2.43574671304375,-1.1355154913775996,-0.5651648934456195,-0.728326467154724,0.6969855223430569,0
-0.9837907878373213,-0.6665888160365628,-1.1440515514117993,-1.2938756741648072,0.028517075955667742,0.8811231392795259,0
-0.00021760376819002225,0.12051801544609098,-2.0578712444165,-2.0298668431357503,0.19238202642756508,-1.3937933664700233,1
-0.5724259582743828,-0.059316863611313275,0.6328020573817339,0.7027587084654248,-0.5177843324445941,-0.4344807125496473,0
-0.8566268379896171,1.7592685813134437,0.711321712679509,-1.155991670102885,-0.5626621526596242,-1.84391478826528,0
1.6384216294274307,0.17391051130239044,0.4983806944314819,1.8684837686713773,-0.024814314419942557,1.3747989145631654,1
-1.7189852588082024,-1.66826551973857,-1.0867376567829532,-1.6963070310178427,0.5287838782921159,0.026127472935788817,0
-1.2694000114347455,1.8998975232395612,0.058952353990439965,-0.08916138956539177,-2.14709980048367,-0.9283716698222197,1
-0.7328775392547768,1.3608595434006001,1.1055819420329753,-0.825362130009763,-0.20408902794382439,-0.5823075695327627,0
-1.9310281623187655,-1.5486854488660196,-1.4523319303013542,-2.0604560677677117,0.34308928224345137,1.0873568257159645,0
-0.6005779826501148,-0.7313733362647331,-1.314391531153139,-0.6769867576956733,-0.20987760387245413,-1.027936761073339,0
-1.8633411601710186,1.2238863916785498,-1.0591453151443622,-1.4292930599466602,-1.7789170855471266,-1.7889894127970047,1
-1.8628286338415363,-0.3272665188187478,-1.676302509301642,-1.9538684082326088,-0.6745960959810017,0.47114374976209034,0
-1.8670286974565249,2.699212655176053,1.4704980229719888,-1.3587114566139473,-1.3460494944879695,0.31403162435367016,0
-1.336114027015064,-1.1588674370829164,-1.1934015508706557,-1.8916609863608125,0.5323790062583753,0.9435668819007444,0
-1.1201250864421013,-1.6349633143812672,-0.030864590833734384,0.39695272860171515,0.014722566208328125,0.4180986054372352,0
-2.254018966020398,-2.3416255894150604,-0.9359183758838607,-0.6743354719642265,-0.060078346377509195,1.2813925489828368,0
0.3768084463938566,0.20557201184363805,-1.4945930957707056,-2.444452560147356,1.053766493868842,-0.04366701974027218,1
-1.377627177305298,0.5404055272644637,-1.5645602080375332,-1.3674397495631234,-1.2983231155311632,0.04136854399889045,1
-1.0521705363867244,1.1710925150969889,-0.975220462702871,-3.4966037048517484,0.4374857710415896,1.1842091459616908,1
1.8119635864786552,0.3083474715513168,0.980871076875127,1.0592319748240409,0.899868375466996,-0.15874172676937212,1
1.4503053798494965,-0.41903681258593317,0.9883523344270551,4.2016116928149385,-1.1912042060639485,0.8616346629721463,1
-0.014158065477513193,1.5089668210716822,-0.3467879997278658,-1.3859524036517639,-0.24012267991706127,0.17771044503019873,1
-1.5350961049648435,3.5302637529781844,2.1502989691902603,0.488654142368091,-2.653832682620017,-0.3975126389098622,1
-1.071136777577892,1.2439051611980143,1.0415376860295964,-1.874741396279095,0.3754005264375968,0.3114481558247118,0
-0.41150158493718925,0.8331901639764445,0.3851068698918596,-1.2922557196180162,0.31314547913694457,0.13087411994862555,0
1.2697485032446472,-0.9672618831636826,1.2132106550840376,1.8610043571010544,0.9395392788727684,0.24234727836472436,1
-0.6641651295615137,0.19485937550124655,-1.6945172697407571,-1.2760973411769585,-0.6850101515265559,-0.19015794373872816,1
0.15828631109149582,-1.0579694520867642,0.8420530944781766,-0.04401579449046111,1.3924150571525056,-0.026691215160518755,1
1.5680573743766275,1.4653845432623274,-0.08273814383161904,-3.5465236456873614,2.7072683641999884,0.7504465708873735,1
-0.3311542261622513,-3.0114904895952725,1.3628500884725026,-0.25843906997580146,2.87429566586224,0.02632783394264882,1
-1.1752331605833615,0.9586695286109104,0.7120933796775364,-1.0897788439256089,-0.2835247062791899,-0.040939328618838,0
-1.1268716369940832,-1.327643284527687,-1.5727484868622748,-1.248499865032874,0.09526562620262669,-2.4078683269268857,0
0.6572439856530476,0.5475613970249675,-0.08522982437393178,0.36328470158525294,-0.2271996463325713,-0.6620797883339692,1
1.9743392285791745,1.5613701449240378,0.11276265029258736,2.2949587280866464,-1.2995121107312029,0.7534614516583287,1
0.22005811150804033,-1.3788813101260087,1.1753472624395218,0.1130883970860469,1.7445264845958228,0.7834863215921029,1
-1.7357749488553922,-0.4591639261015763,-2.9223556184101187,0.9352413953146685,-3.390821645164201,-0.9942767116889544,1
0.004300439870075445,0.8417604352092463,-0.2156757283635521,-1.6923511207867072,0.5464028992728532,-0.0011467890754636246,0
1.5564030153204182,-0.11318072526165146,1.1472123265085872,1.5437619526001116,0.7477016124247297,-1.5861016588219634,1
0.3145840874986485,-0.07705530879714051,-2.630485138001484,-1.3978435505803275,-0.25571668666783554,-0.7891416283926023,0
0.1665783923589319,-0.7553637830751944,-0.16933635797432645,-0.30238869676506563,0.7722715095027708,0.7965755075290015,0
-1.7440172886362322,-0.7306374998747578,-1.2888473397637314,-1.0677898828998582,-0.7340527234210211,2.2183434830113864,0
1.6765267271879511,0.051314873102082714,0.4290004343527941,4.046268764026232,-1.5756699247681818,-0.4675571098206837,1
-1.0464900758074465,1.666803482762081,1.7075742353538819,-1.1765334294060585,-0.022441005070870587,0.21690644373236276,0
0.9143331728243558,-2.873244567771673,1.820502959382805,0.05721266973506367,3.7215709978277154,-0.3887448252057818,1
-3.31405535252182,-4.913641989229091,0.24409147674063614,-0.08006755220968587,1.2329373591802528,-1.087072376569513,0
1.8621910268376496,-0.5992056959186716,1.4789848536724346,1.4158738985101889,1.6037391491633672,-0.28010452417997134,1
-1.231536383521643,0.7377553384319866,1.7629253586746212,-2.046845223487497,1.1739090408532014,0.9651335905723796,0
-2.3790306355661857,2.9742953438096635,2.0125231033201314,-0.3874410052442564,-2.30813737899712,-0.710186949441712,0
2.461023763138458,1.2302619920703548,-0.12717522410084892,-2.15978898332437,2.4600029902574465,-0.42946514350115844,1
-0.7459692484867573,-0.38280679803151485,-1.7780157146373075,-1.1058855658752762,-0.5177755501512772,0.8736596768942935,0
0.709745255247884,-1.056145598062567,0.17954146115631064,-0.7237498096345497,1.9001509508133343,-0.981645070175222,0
-1.6153308602496743,3.8180053822214615,2.340637706719875,0.10091831009235896,-2.509951975661834,0.5728210055262651,1
1.4745391819670994,-0.19384013356374408,1.2143900058933146,0.5527082668941499,1.5233153804392119,-1.1809034515708055,1
-0.7514398614863569,1.0178086042455312,-1.06508075634857,-2.6312661641571378,0.06425514612655858,0.9160513231183111,0
-0.8767877535118476,-1.0504269013446783,0.9176278651153873,-0.6581410535872004,1.1385801029853246,1.3740213421331244,0
1.0027065753787219,-1.519807637100417,1.2743565692866141,-0.5065345090323132,2.9322813436684285,0.4083044634178372,1
0.7961155683238388,-0.07297459165619014,0.20594435972527303,1.606235401742462,-0.444063586285155,-0.9524352307904003,1
-1.7423401312072009,2.175032813411068,1.6954611571678377,-1.6595629034335406,-0.5301045179853697,0.8699356524480258,0
-1.3035504679408816,0.8015458550557494,-1.405283864836628,0.07171076683399225,-2.403558065672701,-0.8647221345190883,1
-0.6118813734166433,-1.754470084775918,-0.35846249433302513,-0.4696874126861137,0.9161849030056954,0.22645903111344676,0
-3.6689199153065095,-0.9348406001423288,-4.112284832192255,-1.9312285157565974,-3.0408466646585754,0.7849905788461563,1
0.07702826113043992,-1.0146670881078572,0.5256897451032299,1.927637319940631,-0.3557184815682606,0.4104297531945024,1
-1.0622186254217267,0.00499339848232816,2.1834910796192095,-0.8521834446998506,1.1712183840176291,-1.407042213542425,0
-4.116522180399475,0.37223231193483675,-2.2596683937888393,0.7932035201183065,-5.196413318810885,-0.07495596500940063,1
-0.9467880222158811,0.6867788798942569,-1.0914205610034124,-1.3757774222342998,-0.7974953257333217,-1.0306894014204686,1
0.42884902453765394,0.635530242089476,-0.3601683969308962,-2.2417949089892675,1.3213065522931058,2.3337565337055644,0
-0.9952521433774268,2.5758555553798073,-0.16670629019692762,2.0222889807210382,-4.128883998130914,0.9096515395588257,0
-1.5232063302765595,-1.6631126188188707,-0.972920217372201,-0.7404039654232106,0.023485251838516907,1.329996837546657,0
-0.0806853610337801,-0.09344652234862205,-0.5447380690506851,-0.6646570924836674,0.17482596440954196,-0.429607443958124,0
-3.9715281924711636,2.3272993631561523,0.40506340212752523,0.2340551259729995,-4.4404834623040434,-0.10923243018654473,1
1.247082002015724,-2.6977510454280997,1.55437659904846,2.235444566664174,2.0579177088680547,0.6820962275998932,1
-3.6363813461179197,-2.7962935772685813,-1.4069502717334403,-1.3122578229579185,-0.5535991181630269,0.6795122540794105,0
0.9486808308518487,-1.864047180650485,1.8004477911706118,1.8257331219261062,1.711817703748788,-0.747378228746292,1
-0.505907189384581,0.20310853635180548,-0.9980042479718214,-2.7453558865987366,0.9369598623026039,-1.8140263481081507,0
-1.2267313353881384,0.9802884229420029,2.7894691981397024,-1.3330920043409624,1.0925412738700553,-0.41550951638969097,0
0.7870707977471136,-0.5490187546924883,-2.2700546928971974,-0.6508926858375621,0.0769499162653765,0.6521218714555364,1
-0.6556533047029325,-1.7144743281238712,-1.2176023460368464,-1.1440439733213426,0.8430401294304826,0.3456134163853686,0
-1.3947382645410213,0.8566730717575388,0.20426419222456937,0.07762120785198978,-1.5462856695564775,-0.20079499686862437,0
-0.33666689670544137,-0.5026596203397566,-0.29671728263978214,-0.7345757482971131,0.4758714793902298,1.423962271769807,0
0.6181838706041043,0.6071770384934847,0.24546628224064593,-1.38885788060889,1.2067435697168043,0.41515398434871015,1
-1.230809016589517,-1.1660893616794976,-1.792686912671899,-0.7284997868093138,-0.6125291793707566,-0.17960649778617563,0
0.29749701293981845,-1.4545863175756621,0.9009953014839225,1.535149448663201,0.629437329656792,0.8655584487572417,1
-0.7905607569633296,1.5057636025227779,-0.6214583087961261,-0.39503832749864387,-1.7047421389159183,1.2211310785264933,1
-1.5307975259055688,-0.17947170692211611,2.7629546460164045,-0.03735138792671466,0.7007376266429228,0.7960927059985686,0
0.25428234105187353,3.1820635768548557,-1.836156051169475,-1.6661539850376048,-1.8995746357561851,-1.0086623143834552,0
-0.6397330724803346,-0.9350826091841522,1.5979060979580375,-0.9223368204799794,1.8353847813384006,1.4345402087170027,0
0.09939726166069174,-0.24604801007575694,-1.2127118565601336,-0.7231842979157439,0.054724926951991604,1.5530410762926485,0
0.15020858363907763,-0.370515249159727,-2.314540151881416,-3.208931855989943,1.3689722193870042,-0.7714696452214928,1
-1.810332630047204,-1.9712337402842937,-1.6919465103715825,-1.3759804065332037,0.07209762671015396,0.8702489939113104,0
1.744955061676641,-0.5654076261038753,1.235962953704625,3.42801454019979,-0.15000429919068603,0.1956740632309783,1
1.4794932868331778,-1.0101802650427751,1.2032672207811195,1.4852055524047176,1.395812350225062,-0.3695308462563598,1
-1.4607920660113825,0.3511007292676567,-2.166949790522482,-2.062206335227944,-1.0705106085804577,-1.618805308857679,0
1.881436196162316,0.15329366071653094,-1.382708855369979,-3.383034409509224,2.9491235033872205,0.8830461277010293,1
-0.14438348681441537,1.2476392199166477,0.9673837510137628,-1.245780493382302,0.5325146256907496,-1.4251631960622646,0
0.020901279796129657,-0.18113912612280658,-0.7482925999159507,-1.433067109564021,0.76011469640403,0.03372539176212735,0
-1.357839491410263,1.1487295209689325,1.0517308703920192,-1.8598250066418247,0.2287482330771338,-0.945252658077477,0
0.7914831134292476,-1.2895205973604609,1.007517974013979,1.4031466931295773,1.0350645311242141,0.44262418923334534,1
0.4113446846847463,-3.664240748830246,2.1241514781927235,-0.2556500518110385,4.324408096334975,-0.41665478787825744,1
0.9807084226994314,0.41202086558094164,-1.421824030327336,-3.195097400835778,1.9509218419894718,0.18167427290347155,1
-0.29148453821675013,0.4634944351775643,-1.3941196536403015,-1.722744859416708,-0.0889847398603234,1.340282570333991,0
1.2598815830661056,1.8827602500683254,0.5589363314005931,-2.4250206024780905,1.7416556646312729,0.05695444025489809,1
0.06941222599714858,-2.7995453895738205,1.0837447668661842,-0.2222781613130489,2.8225247151903696,2.3516020533744526,1
-0.5230428690842988,0.5663841369259497,0.5028329307237565,-0.27055181707308695,-0.27195259079922696,0.3681616950534575,0
-1.2994376571527677,0.9899971040513599,0.6320584631074659,0.22699088934349,-1.4246707893021966,0.031966559270127905,0
0.4206400125967552,-2.0129036077768854,1.380703891353711,0.5035332339443845,2.165502559308629,-1.5201757055584442,1
-1.977906828215205,0.2633498055994614,3.9409155324813834,-1.9101545839219538,2.169316681760711,-0.240227866272449,0
-2.4853678387538327,3.053316167247744,1.2932416104632325,1.2209401602906702,-4.070701808970054,-0.8618849289949396,1
-2.1425053405918657,1.1392190512659874,2.4507400013941103,1.6950550648039089,-2.142793738372248,-0.11943587394371906,0
-0.6441512843866859,2.560005295720882,-1.4246951557795784,-2.7627702770989915,-1.0532113299688508,0.5513945495913973,0
0.6168472736606889,-2.5458227083065066,1.4354261726926227,1.0024349868298765,2.3414230592410874,-1.1993771154099337,1
-0.3781006497794772,0.0998692723840654,-2.0918525665540058,-1.1650350671678336,-0.7322694318812676,-1.1066194106812755,1
0.4476364040520945,-0.11526759468817727,0.4122359768083753,-0.984867888717768,1.3867874517732743,-0.6226531984613715,1
0.21676058215024896,-0.12439888257066711,0.46167122080739975,-0.3796834900974886,0.8043486130824775,0.26320292299676007,1
-0.851483495418795,0.5581631386448309,-1.6061752812479844,-1.1198015131409593,-1.138222991829936,-2.176581085624116,0
0.4419250229934579,0.8102131707022202,-0.6751235470855373,-1.5920203996941942,0.5355584087925632,0.6894315705151325,0
-2.5503031146513964,-1.4008875315348845,-2.1581482940569505,-1.7366481070888362,-0.8747981708653783,-2.011958027499815,0
0.03754075806127255,0.9474405576141863,-1.339756559617459,-0.5979656736475412,-0.9935557093093221,1.6804956304146477,1
1.8469286422643272,0.32765456012056227,0.5295652942574096,1.3407495235241567,0.43105686556473727,1.1084566564428235,1
-0.7078328286042682,-1.206112259552615,0.7411595709800424,1.8402446905015086,-0.597312613892643,0.21930963558017413,0
-0.7197010396506347,-0.016867075922718078,1.1898407304877083,-1.348046168376563,1.2079962687951267,1.4504807848958854,0
-1.9729531504920343,2.279983785879233,0.18448038026846603,-0.759816646596298,-2.348403888867317,-0.7527553491247774,1
-1.9870991075761244,-1.7297962540086624,-1.9280784287939188,-1.675506082884027,-0.14353369857445916,-0.7539135293666445,0
-0.7629298659916735,1.4436528763579797,-0.0703997770844903,-1.1995447183171057,-0.711046664159863,0.22792967000995293,1
-1.449099994829589,-1.0559233810894608,-0.31408323053441145,-0.8820932819865912,0.15422688497704196,1.988768023914546,0
-0.5401477293612653,1.3860853007557759,-0.41414826040571495,-0.1605021375330099,-1.489592087331557,0.7026923848187651,0
0.9594101093972063,-0.7628193664939991,1.261937177905978,2.7417565351662314,-0.05553024251844563,2.7486449344838872,1
-3.2392626490739693,1.0474432954032382,-1.167072002464434,-2.7762586348067466,-1.7158660403735562,-1.1125783020110505,1
0.7111621215092112,-0.9622160431590929,0.9729034906399165,1.8085315520458993,0.425280579861105,1.008902055390527,1
-2.1442674257204892,1.9783633016565836,-0.14822550565035986,0.34159795384153524,-3.2824077927528426,-1.0941152926680076,1
0.34096785149619313,0.585421600314382,-1.0830438250655678,-1.1942838253704198,0.07806103992918878,-0.5675049338871236,1
-0.8591559105813723,0.4961313246862171,2.329544098871798,-0.1599372164504852,0.5474731635390806,-0.814789609970448,0
-1.6953304565910572,1.1009664800289327,-0.9038070903431126,-2.899510832694837,-0.3824419590354232,0.046900565690211025,0
-0.8787495111443584,-0.353211405394664,0.1090109842895598,-0.1389268313241917,-0.22226966920443086,-0.7386321936418038,0
-1.628441128534241,1.1957703365641663,1.6976673737873051,0.8763621551998415,-1.6512866644195554,-0.46806400249074526,0
-0.5013132358219868,-0.13914291739442552,-0.5475095565739018,-2.2698186011382804,1.0955944214632105,1.096706430340127,0
-1.792095809065621,-1.4805132274023345,-4.373823692847493,-1.4306179377117256,-1.8270183246267484,-2.0187537065832903,1
-0.3450215781659969,0.05637016471809453,-1.3117522436634925,-0.6608450428756272,-0.5851177326299111,0.33411864962999654,0
-1.180843955510238,0.25899104518570626,2.162741828071202,-2.5874162476999674,2.1879851564233403,1.0601477052026598,0
0.263395979026652,1.6323480328858153,-2.9101404395992736,-1.5972968142395543,-1.5064223332399314,1.8670371088112274,0
-1.4526664871350943,0.4486263938058058,2.6056000485151882,-0.28727022542707537,0.41037611592605316,-0.7018341629884417,0
-2.3119956841060896,-2.780465136352966,-0.6336061192186577,-1.0119421022824782,0.6374525226714675,-0.057096610836053406,0
2.2097663684782223,-0.9670947993178958,1.4833869455308002,3.995694607502938,0.1937044282978746,-0.5550121194496871,1
-1.0538437579566897,-0.49980897175824635,-2.5269511425751565,-2.2129534972969997,-0.2844303913916736,1.970258448634137,1
-0.6180584145456046,-0.5173826140157438,0.36186641273372744,-1.006389673520394,0.8797931689347493,0.24293735442570713,0
0.28327756354536504,-0.8305744921162321,-0.551349350163368,-1.2960435438064766,1.4204771714168274,1.1393810148356187,0
-0.7271668382845434,0.0005380165598443121,-0.07054836654172081,-1.1107726744420061,0.2568871673401665,-1.7563610316384946,0
-1.2443761187299056,1.1345793093108398,-0.6776805574459126,0.4407004967190771,-2.431307576770762,0.1155979970637203,0
0.15039439689557543,2.0067856272766846,-2.115541617914256,-2.0271378623388925,-1.0527238887984578,0.30808566075914057,0
0.4180767809724757,-0.07438942972280804,-2.2537696769996547,-3.4330502502378253,1.5600304556807183,0.11294803244203394,1
-2.503576415653059,2.944723812866136,1.4307456862132182,0.709312505327159,-3.5443197802624775,1.7713889743890159,1
1.5209837718770558,1.6866652035531748,0.15957019716550547,-0.9838415077308466,0.7547132869275381,1.3481478486069713,0
-0.39960884499632343,0.03499709015674679,0.5963812157502043,-0.9197121673385829,0.7287136639157608,-2.2981115871297453,0
-1.9946820020115354,0.5414767802535413,-1.8012902501355423,-0.051070121643479016,-2.8699332821615844,-0.7601807312287338,1
-1.5686168483912968,-1.5933495581438497,-0.9361879737854131,-0.5738395821257287,-0.16026255649880672,-1.9913220473802107,0
-1.3229316875457033,-0.8064274688908307,-1.8161266080650869,-1.6479716813649987,-0.25972130020925754,1.048210268761728,0
0.125995989527955,0.9187451648117333,-0.7607302502116424,-2.843209098517194,1.111137110410727,-0.0421897004605349,0
-0.7379840154398868,-1.3641087044684561,-1.0666419995943601,-1.0019198070810702,0.523244285217813,-0.40755002017047903,0
1.3430900169423976,1.3052995650151757,0.0721697050164597,0.10131769625304676,0.03103973081487532,-0.3425770720815524,1
-1.3334230832277558,1.984776369950287,1.3591953793934233,-0.6624723892617956,-1.0450646616548112,0.5657169795528693,0
0.24422929216254763,-2.124670622212176,1.161238432588385,0.8594492583810047,1.7185709388148624,-1.8772241068052957,1
-2.1371032242519057,2.22322574640115,2.533092855394931,-1.804219347013034,-0.2396805556617234,0.539473373693372,0
0.9941446500439539,-1.6217677048097192,1.779823573605659,0.39939876333454216,2.6258396588203254,0.4236731987495631,1
-0.7806992478006091,1.6906738273974922,-0.6447988190402907,-2.112397051860839,-0.5612979198534371,-0.6542002848756773,0
-1.6340698473042723,-2.661591816321452,-0.9401211731428014,-0.36186722274803385,0.37823113610487635,0.28995244074984855,0
1.5402403672316407,0.5266242236034708,0.6248507286743155,0.4181428699888796,0.8139694075089127,0.06469443909637085,1
-0.5956231013659131,0.021254510748680455,-0.24577740621596966,-3.0941495718910113,1.7103800908989122,-0.5799735991408242,0
-1.234538013316478,-0.19564579482980238,-0.7891660078579621,-1.293777812039032,-0.2695376510634715,-1.0100459392838244,0
-1.827247292190092,1.5946708935894685,2.6069754046000426,-0.048446943660873765,-0.8393360974603961,0.060136977968292246,0
0.2264924102928546,-2.1255040116880344,1.0144846641790413,-1.0789074453985683,3.062294301085794,0.14250382257616556,1
-0.039544622099016546,-0.5670744122220572,-1.7073434044603246,-0.950448233196093,0.05046276380364878,-1.0110417646098109,0
-2.0968636194008554,-3.3898088286197705,-0.3482478619555429,-0.8000665842919009,1.2328244381277593,-0.034114902514344424,0
1.0183280050088364,-1.9160372819836857,1.1925605281123943,3.3901940358594675,0.26815298145410416,-0.24566527595940355,1
-1.8373214582597266,-2.533778689182866,-1.2092968797191115,-1.0244662018792847,0.4734120446144693,-0.7956897629952762,0
2.8084031202878434,-0.9400977555856525,-2.5514299270517746,-3.9988525672395054,4.1430760633405495,0.7132198203959864,1
1.0632714441046274,-0.7474648535736611,1.065238648118688,2.3983030452135408,0.14693031054623806,0.7070458941340707,1
-1.807496589975838,-1.1656673681057963,-0.9952792188280712,-1.3624231193901664,-0.08044486550328744,-0.9831221345818416,0
-2.2600504710100333,0.14919345118460503,-2.708127039489038,0.44244173189083,-3.700693426644968,1.1188256537064214,1
-2.6273945012448428,-2.1555264045512113,-1.4398166465022277,-1.7754888888147202,0.056674625451171856,-0.33362455179405004,0
-1.3068594624396717,-2.4214301425671243,-0.8550713378297499,-1.054352167721693,1.0149949573212396,0.22659199149281042,0
-0.38384934518377256,-1.8706878034277339,0.7763348434959767,-0.40129078174654487,1.7933221671945483,0.7303621903339466,0
1.0524232360331653,0.10446116290289864,0.23775713180613745,2.0500102005296847,-0.6934647834673452,0.650459960737697,1
-0.5535428796556002,-0.2569701937378329,-0.6257069424048787,-1.2182324361100327,0.3095793258167028,0.36425021222298903,0
-1.4394913529429365,0.9291672834167144,-1.4652535536670983,-0.25546801013663045,-2.383662134711103,-0.6113227792191078,1
-0.6120946037214512,2.2448636270267683,-0.22806065146735777,-0.8284803667229921,-1.5323985759946863,0.07236351099079716,0
-1.393478222600617,-0.6587688263303269,-0.9650423082216981,-0.3722328013491236,-0.8535575679561088,1.268909642515826,0
1.3601336643477169,-1.75116868502249,1.7735283226582386,2.331789629952312,1.5384907805406791,0.7866041086160771,1
-1.2168752809502024,2.483177686221456,0.7199462897667546,-0.9202559835805517,-1.5004015894367888,0.9907980883522075,0
0.7792590780416488,2.7875526088295866,-1.5916141600861569,-2.0025097333250463,-0.8453960698946701,0.8181272862481836,0
0.06788649835963989,-1.7419301641767533,-1.4099381388040129,-1.0373830070879255,1.192578124674596,-0.3946268121983994,0
0.7204939266474095,-0.8757276979946249,-2.868264013875356,-2.9744724120514823,1.62882191923636,1.2653660930315649,1
-0.5479941463212818,1.8016411603934819,0.5131093675794263,-1.0971413959028753,-0.5310461269566056,-0.20384093073864895,0
-0.5323856428382838,-2.144365848752658,-1.1802830222948333,-0.7629781493932666,0.9713697002075723,0.03859186273228057,0
0.28649662617408356,-0.4172410873177228,-2.2875544716755183,-2.0938607584925704,0.6860062859366651,-0.9033609575476902,1
-1.0178526688697747,1.7408248717406525,1.9173181600696365,-1.8911313135518064,0.6049658804251259,-0.45610573514057096,0
-1.0533909896056426,1.5799855201706647,-0.41778658134268554,1.2567202670737907,-3.055735300129447,-0.8105647096253652,1
-1.0215442309909994,1.4980759692148964,1.2521935506612987,-1.0999608422798866,-0.21691772161284711,-0.6368595869286072,0
0.9325555065044078,-2.2049629947577176,2.072288925169986,-0.7977076365341269,4.056038113661487,1.0685208833869444,1
1.592087415193093,-0.275793938674432,1.0079867745507496,2.063198445417445,0.4166269402080729,0.7226834412059608,1
1.4033258493677645,-0.43304493030930125,1.106252714777151,-0.5306240430091114,2.3809142646988573,0.7632609218748418,1
-2.466363808146365,-2.9562201717673773,-0.9450891037822736,-1.5664899066491609,0.8743009959790048,-1.0585200500425602,0
-0.9660517317385995,1.3591002394287268,0.2985998688812611,0.06590407115161678,-1.520689743656066,0.513549025019274,0
1.2946405818363464,-1.3952236169042629,1.121106029822329,2.0066190728569686,1.092808235730043,-0.3864552307559256,1
-0.3779411345125542,-0.007479562013115171,0.6604609333503826,-0.9233253170515191,0.8152862419470218,1.4447124943642828,0
0.7669502671601365,-1.309173239709201,0.5710459429840853,0.49691370789776523,1.4440892483062802,0.28786589832281284,0
-1.0922008747223446,0.8222819883558581,-0.985634581384041,0.9042569367021598,-2.632909201950582,-0.21948055321432866,0
-1.0739904027484408,1.868436518022675,1.0412861730611849,-0.15735093935337918,-1.342640580032708,1.1312300916590134,0
-1.2875348093803503,-2.5505967693906006,-1.5190547402581263,-0.27842230342419616,0.14251000744281228,-0.01201207329946324,0
-1.6644442134237016,0.41046673842143444,3.3134372914657484,-1.2651159748279215,1.4367985008172386,0.7879014017276592,0
1.3140069494437918,-0.1820747525655848,0.6153314989633969,1.246307263161141,0.5221130361228068,0.6831909103653128,1
-1.3327719517724823,1.7250243545088906,0.7863463592461362,0.15734996812626334,-1.8178596298585938,-1.6741856988139034,0
-0.3021678500860202,1.119318546584231,-1.0032997124942025,-1.7101523846039326,-0.3296446545568452,-0.8703916337536574,0
-2.140692682072106,-3.0615232411750757,-0.8673772598800085,-0.8061094051607289,0.6644654121635222,0.2764961433738831,0
-0.517874598061125,-1.6054492389997663,-0.30083522906797455,-0.39856501516275944,0.8619377490263762,1.162458286592306,0
-2.1140819589813296,-4.837252735506816,-0.716745816761337,-0.02119162300380517,1.4300091459536242,0.008279274333433777,0
-2.929985048041769,-0.17916553991908546,-2.885349789984256,-0.9792814872010259,-3.004860514747419,0.7477021151316466,1
-1.9495809287063384,-3.279772784471452,-0.07319129083994969,-0.33284366498926143,1.0799334032544878,-0.5082603508951309,0
-0.11758672352648403,2.2139187849229303,1.016886227159433,-0.6237459522053546,-0.5568091585173782,-0.7299409459020475,1
0.7857492836869497,0.6823399933210108,-1.1578653312815608,-1.30007612984862,0.3671653063907898,1.1387347742736065,1
-1.487104516641259,2.50615098245563,1.256141452803274,-2.109360217822278,-0.5047875300476192,0.16610914393788453,0
-0.7247629526873562,-0.6245259423227204,-0.3537857867241271,-0.92234082664379,0.3848712901746011,-0.03871382338034076,0
1.5583680149089814,0.9458599191017145,0.5345477794816031,0.9400151003900865,0.09121306397601509,-0.0779933965850558,1
0.26760375304796125,-1.8334341058967807,0.8334234227503085,1.6981629475664706,0.7103860889223863,0.6575984817044913,1
-0.5293602702645065,0.8279042253682449,1.2284213713676855,-1.7045510146918708,1.0447793659966487,0.8586183980760154,0
0.8529533759496851,1.3550916479136599,-0.1071075898944518,0.1363168253425503,-0.4933100507658218,0.7115159902687391,1
-1.3939729161954715,0.4338400525565085,-1.6359656056270655,-1.761734657741945,-0.984852818298064,-0.2690027758831089,0
2.045835939591771,-0.2989101010634342,0.8928160609777691,1.364050914903467,1.2139410828091928,0.3874318715842601,1
-0.5042232363994846,0.14424251859268122,0.11091409938838215,-0.9246886988089204,0.28866717140312037,-0.5643772140185209,0
-1.8451677782637144,0.2658195787616263,-2.0672909796883108,-3.7949425594200865,0.060779743469344005,-0.15893573532878114,1
0.6733608311315331,-1.569903032214604,0.6810498869056043,-1.1684091792984543,2.8650549923969804,-0.17635533641868276,1
-2.100526872026916,-2.0673533562355786,-2.414378779497722,-0.9250155952469566,-0.841176279847639,0.49908979505332257,0
1.3122447230513854,0.3616305276515639,0.31338721857723395,2.9720681812173453,-1.3260449761455089,-1.0939142302122355,1
0.6860768137866153,-0.2222502789341846,0.3958110474292541,0.9492576977038019,0.1837995928811363,0.23948946811277957,1
1.559740157738665,1.6198839895553985,0.08606966832148566,-1.8853624242042162,1.457034403058896,2.010481634591578,1
-1.8623576936241066,-1.1229496598194373,-1.302480607930321,-0.6553227850015743,-0.8613762936946995,-0.3753769555930878,0
0.4748854010554766,-0.3759675896400856,-2.13686934791204,-3.10411314862481,1.6370854717716876,2.307020916953611,1
-2.4283766900946464,2.4166368531223683,0.37067132178278417,-0.24039523502659854,-3.049711293513611,-0.10715288103553652,1
-0.465289429227017,-0.0674764825521087,-0.6643710986568094,-1.306363166978219,0.28371334688439037,1.0183553842282698,0
0.9879068598624893,0.6765053209576908,0.22832336798181396,0.3677886986984765,0.10768984105156143,-0.5977603327764287,1
1.7220379992878225,1.1832413139769624,0.2519353180582976,1.679503961460818,-0.6764246393505923,-1.5538341856950224,1
-0.5633694741885724,1.3854168769004997,1.327621047376407,-3.4079191056993476,1.959214534614426,-0.9863267639250577,0
0.6596265482525561,-1.983867748023727,0.8893777746845742,1.1330581562851105,1.5547133951217067,1.583377881529533,1
-0.8566068279578334,0.6654529107126428,-2.0456151290783575,-0.8609819582568193,-1.6735711881412367,0.8018309825449195,1
-3.7108738789982394,3.4419019057661995,1.5778849057178395,0.6588546129307034,-4.642243809004985,0.1323378273533645,1
1.5926001213455065,2.2467443021454363,-0.5291550893667394,1.2087977347732874,-1.6316756603736942,-1.0248061533371278,1
0.27686535901735065,-3.0186328260862156,1.836880848030746,1.3535616684067715,2.404346068780687,1.2271516741227928,1
-0.3794711045555208,-1.6246178905648025,0.9959017151904088,-1.706097585100511,2.7285394248780577,1.0330749845985154,1
-1.8002609694129306,-1.4679086707114601,-1.7194706213840592,-1.4829200392697488,-0.20907839183823235,-0.4019875576756351,0
-0.9837901753377171,0.9536773864483973,-0.9445584621347486,1.2934443551534218,-2.9112903357158544,0.637338547767729,1
-1.6614674934453935,2.423257098284571,3.0744097798443657,-0.6884010585594272,-0.5404103462048337,-0.765280061943342,0
-1.3422289795962754,-0.48793568766278095,-2.7571046313839584,-1.5796267783296822,-1.1121318737101846,0.0567425671620541,1
0.30396627151752775,-0.3639970519576622,0.0705763653421898,0.6062582740358696,0.06567763092829801,-0.5354218773333488,1
1.3781648011476362,-2.456782733954797,2.141279489132807,1.5937209347394865,2.815226130460669,1.0829627710191114,1
-1.3372904077968868,4.55338278514819,3.173481010103937,-0.533929402591914,-1.8488132136606152,-1.0586105905291991,1
-0.09608048140785863,-1.2169642898470339,0.6896168605526712,-1.3526988582237056,2.202299649137938,0.14589253591685813,1
1.7350717842398542,-2.8880381390658556,2.171409393192527,0.1367996446902947,4.479171339813769,-2.7510133565856347,1
-2.580859421506328,-3.5403870900265084,-1.4214074553898368,-0.7491534365002769,0.3043620737760855,-0.18384688072187927,0
-2.6061734671338233,0.8048422774151842,-1.5231444304351998,0.8961450082711762,-4.036580994778449,-0.32848297141053373,1
0.2518021410696625,0.9253985255582774,-1.0347473708053765,1.5825752728774845,-2.2640330196571803,-0.47066136172780243,1
-1.572389605817758,1.600071926867511,-0.19579577474420617,1.2875152602290516,-3.3362276050170996,1.0644827536085684,1
1.0464559067076658,-1.8205954248733267,1.419896926811097,1.6202837249733681,1.6770258083189324,0.12913695314517243,1
1.0712265226040176,-1.6895510369631426,1.4696511955063665,1.7825078399824035,1.5124703175407754,0.1646078453081554,1
1.751516911440572,-1.1279925882966966,1.4073385972133199,1.687641207294909,1.6473197451515924,-1.5656244563894521,1
-2.8411741650419726,-2.9967046426917223,-0.597625029287833,-1.2404332397212399,0.5961656467831473,-0.3239198165469296,0
-1.3197701008128007,1.9091247895081023,1.2860325125337324,-0.8023922088017472,-0.9219839033270905,-0.09368006193836467,0
1.2192124374927138,-0.022867606012953456,0.5697999521343986,1.0860229893670894,0.4341430642291925,-0.041737132376478726,1
-2.394514584482737,1.782626914944812,2.915175965327818,1.0492370857312667,-2.015251704926521,-0.4320016042509393,0
-1.2526474147453919,-0.38550808513465273,-1.3265608175824826,-0.8382385701123668,-0.8120913045727589,-0.8092882872442909,0
0.06606747996207685,0.6990805125401265,-0.7488615286093259,-0.46536981401202093,-0.5433410848432745,-0.3348484836047804,0
0.3821797210529341,-2.1695300881958373,1.4254506241036213,-0.35114093749648445,2.910626112545002,-0.15348803196896735,1
-2.1016293480973305,1.6476541926277586,-0.7706711936967405,0.15888863834281786,-3.258010737580949,-0.819865545033752,1
2.584061140799419,1.1236517197959444,0.5319453187285696,4.3307913767201445,-1.8161129582545583,-0.2598474170031256,1
-0.8858891143886988,0.4759299310861953,-1.0579128780436295,-2.476066169631075,0.23388780249628616,-0.35568291025788557,0
-1.3157954563847594,1.411173564606268,2.1068492094978923,-0.6976660685229863,-0.15641226052792612,-2.427203257678265,0
2.424254127467626,1.3668495204317974,0.3615441794542089,-5.086708167962734,4.811956057033441,-0.45196898961448945,1
0.8050072436804229,-1.0837307254974484,1.119141981992998,-1.4033049963231146,3.0590206959162813,0.8231941026928866,1
-1.9617164461890808,1.6033215351292673,1.6797406738594662,1.0513851646410695,-2.319136614258346,-0.24099319385519619,0
-2.312331094580143,2.649157499250526,1.3785887959406913,0.9754965328072382,-3.428612576572582,0.053522797899045245,0
-1.0063654789652208,1.1494246864562974,1.4929618342814077,-0.7127205525849847,-0.10626593369323781,-1.5157103384012427,0
0.3908425270789151,-0.1647635092496753,-2.2434899332918463,-2.1824529224918354,0.6778367509870862,-0.596988390975772,1
-0.9110636139619532,1.164637646734592,0.5019132629224258,-0.6062636926958779,-0.7220547637380546,1.1211148799491177,0
0.8492294555645079,-0.7216857284309777,0.719515624072637,0.15186255613739053,1.4396080214859097,-0.015130069360970057,1
-0.24069517146390695,-1.3917296275852042,0.30253060298747236,0.5533419664801911,0.5669357002664676,-1.190199028095512,0
-0.233031729128932,-0.12178234032980795,0.7220689255937841,-1.9002120366947493,1.765146678024026,0.707626329822504,0
0.548801720654476,1.6366423346736463,-2.295176771849837,-2.1940250762754268,-0.48840106926416293,-0.7220679929956276,0
1.6604049961946599,-0.2842932414010775,-2.454071448444103,-2.513545316018922,1.803306035355747,-1.3013230789056454,1
1.2376982957248326,-0.649652728867111,0.5011977220180852,1.703098474033438,0.3845233456661379,1.1651237398201346,1
-0.7747245658052444,-0.2587044378739296,-2.8083748790893983,-1.4908362884819464,-0.9571948552633573,1.0578685276747382,1
0.7810488845036495,2.134295872210492,-0.5895509350005399,-0.6594466818044591,-0.7866840898476888,0.17330469928579412,1
-0.9615503085598589,2.5954798185852246,0.42259570989588,-1.6455433002238715,-1.0316613604546505,-0.3650982227406636,0
-1.3491234025458958,1.4356410123567505,2.4800502070710486,-0.2848444324889581,-0.28119184880999043,0.21489575383822024,0
-1.1552397224866198,-1.742637433113078,-1.521464041976202,-1.2956020605590965,0.4304794971856119,-0.03497975011412269,0
-1.4761530051232614,1.073994517582157,-0.8085423911093604,-4.148578574841345,0.7833174997729304,-0.2018200969345484,1
-0.12418369183609135,-0.028042432515161586,0.09044681771125196,-4.545372722279963,3.3701698120317003,-0.5186805821357181,0
-2.110427486494361,0.17504359321178797,-2.1258154801845257,1.0236922593825262,-3.6935450260011473,-1.7300337394352916,1
-2.152302849814882,-2.046908164254137,-2.3775113964069425,-0.9430202577974129,-0.8575004651379861,-0.29689685132050436,0
-0.2501131852573606,0.02713288122377855,-0.3538583875140715,-0.10679779097953046,-0.3334360627156643,-0.9237864361929601,0
1.1170485187886086,-0.5158608488535703,0.5322059484654311,2.510072891117468,-0.37914225028312387,1.4751613474066878,1
-1.7443901294572444,0.138966650307067,2.7111350928619746,0.14755859149336947,0.15432017850012003,-0.4201135615760179,0
-2.147990841527591,0.16488434924408935,-2.2209638978639625,1.575920542758828,-4.182273403972801,0.010642243232649957,1
0.013512864473052444,0.3134174638490159,-1.373515423523033,-1.6041940686404852,0.1613437274936418,1.838768423766373,0
-1.8530644293910794,-0.8107820074563145,-1.6276338442194094,-0.769835382564456,-1.1826283161892257,-0.9968173024969644,0
1.2828213737403944,2.1785594886203983,0.9731350884189427,0.3641101578457575,-0.27763448727794393,1.3891630478705959,1
-1.327025059766492,0.19973697210072194,1.010733591229018,0.923001064205587,-1.1837903969497776,1.1389087540744147,0
-2.8510363261662146,2.6842341410588215,0.5596697148034244,2.4831294653803124,-5.459146866571278,-0.9128643177636298,1
0.8894311863649117,-0.7744384322848594,1.1084624317989993,1.0417471908278235,1.076188626774255,-0.878786888332108,1
-1.638677655682868,-1.8731021658449243,-0.33494995068970246,-1.0821501811626522,0.724011098845836,0.4311209640974092,0
0.15876914655069108,0.38657285505372085,-1.3949987148877743,-0.9980410767601556,-0.2488059506802861,0.42475618113236224,1
-0.6571974672468407,3.926471483290883,-0.24436741957565022,-0.7106503865386458,-2.8375349036702544,1.2197107498901931,0
0.8686367709776093,-0.9735619452962007,1.0103133643426692,0.4662025999030487,1.5700714319775193,-2.0190192250408825,1
-1.858469080283423,2.1467888206322403,0.22637511929846643,1.1715369830481102,-3.5859926809047473,-0.025402450744924792,1
-0.647654215643455,0.5760215989734305,-1.5607657957541452,-1.4744698841808064,-0.7112130887097191,-0.44489434654884663,1
1.0419682803025214,-1.318787357438886,-3.349996333743869,-3.317342601689847,2.1379605926141725,-0.9111739763508288,1
0.011642785846639692,3.9486200569783674,2.8050312413901892,-1.210900201161093,-0.16382021885724474,0.057136355161263315,1
0.7242593550680114,-0.09177981622585718,0.8692043203456725,0.04429105112420195,1.0788282789066321,-0.3363223685796622,1
-1.8477384206339427,1.6958035808075658,3.178000317385275,0.6632892764444036,-1.1122801145728682,-0.7939366741048338,0
-1.2008231304465893,2.0201469564429893,0.10147042269539153,0.5641674628054423,-2.6425413255205505,0.9526804128416713,1
-1.4710101454118343,1.4777695213116397,-0.3834007004837028,-2.7392156644835146,-0.28979127710276964,1.968476308426545,1
-1.6290299107930837,-0.9898636062439149,-2.256509648726313,-1.5448580893200796,-0.6950352196849447,-0.29677326096569556,0
-0.3593099279551988,0.009484289434674165,0.7516611458167884,-2.554413253855831,2.086926456032439,1.125692816016916,0
0.0741109841951666,-0.5382302493509505,-2.2700277037348906,-1.4194766832219283,0.12442436755428343,-0.4858626884043041,1
2.898096556085322,-0.007901970851792006,-1.3483572272508093,-2.2683375490211293,2.989996688502716,-0.5643946415067032,1
-2.691779026468839,2.83703724809895,1.112403980418398,1.5981606734496072,-4.459079494829018,1.8832757674110623,1
-0.4100304877154666,-0.32974916336496585,-0.35205811312140123,-1.4459902533162052,0.7986054562713771,1.5816989681214926,0
-0.7847507069415872,0.9088301873861416,-0.933748717738614,-1.3548834150103988,-0.7558823610949582,-0.6469451712496146,1
0.8321395695101864,-2.8259807810396325,2.1681845986845447,0.49910031795542187,3.5084108072498186,0.1689996603111536,1
-0.6098352230452777,0.13485037219175067,-1.0322152137543465,-1.991273564166979,0.3268394662014372,0.7835830685472929,0
-1.1030670120568566,1.302565223220204,0.5871312806686287,-1.824664528535255,0.001097135872970112,0.12893419124781486,0
-2.069421383174877,3.032791887278868,1.305661235491678,0.5054344159305548,-3.213849209262791,-1.4081033738128916,1
1.1292801760118893,-0.9852445468680641,1.1728912694033,1.067255465622776,1.4172772566927254,0.22964141638986943,1
0.9830367817933124,0.20962650644975223,0.17008721830373386,0.8188923885711679,0.059276408152587834,-1.0754227768446651,1
-1.9655225253274038,1.0020179478012878,2.8268138940628864,0.18427669819294867,-0.5670761970700305,1.2831403052980808,0
-0.8062807012581839,1.3084061665585707,-0.5981660504351273,0.18685758427223464,-1.9978204110311546,-0.2625403232820616,1
-0.8536648527082233,1.5653386557144313,0.482767717258315,-1.644194255961878,-0.19852921042093208,0.7626695504385522,0
1.352788817962932,0.004430959900770137,0.394968795209354,-1.5131012062561071,2.343501589574899,0.617240454356382,1
0.4669280631703232,-0.40473470402733225,-0.07398578221639673,-1.1189789257856673,1.4110053587439735,-2.492356202902901,0
-3.7777720814205225,2.1502099146332636,0.01142838144625502,2.461264941796907,-6.071772462852701,-1.6404613570564084,1
0.9029003598685965,0.8211008365606645,-0.36206607243477285,-1.075177790560385,0.6655295836761302,-0.23148498600021244,0
-0.41939058713814115,-2.628112259483073,-0.16041693577814442,-0.5608036203617884,1.8530782353095387,-1.6087686632045235,0
-0.0499166488375975,-2.525359862488855,1.0196373277712272,0.9368825235429847,1.642238093603483,0.8981397208166358,1
-0.0769213250934715,0.6170905750793889,-0.011769930075599344,-0.46050009858075036,-0.15094224615163826,1.3321891107607855,0
-2.543704548080715,-0.043540428868067416,-2.6390131112042963,-1.8684197431561413,-2.0088278452401114,0.07475532336563209,1
-3.4860217121910106,2.771240563258349,0.33034016572288927,-0.3622979849308269,-3.998710039002351,0.06122760847017328,1
-1.4376901233671588,-2.6683107267510984,0.3685130292445633,-0.7756599416541208,1.6195083827826702,-0.9916604426336656,0
-1.3342909153611644,-1.3206033509238908,-0.8774494949361048,-0.7977483264232186,0.02140073982030738,1.1471119271082366,0
-1.9999397449088856,3.292827732689378,1.5403901528870145,-3.337556612685274,-0.3409992315930839,0.24781127951452644,0
-2.777060045471261,-2.2998832278317107,0.33749662456357865,-1.1225842724336164,0.6295548353744593,-0.3579060646290342,0
0.17386806942087296,-0.8567944869588968,-0.8162796387360638,-0.8995619304472627,0.9049041780886584,-0.12797463552851548,0
-1.6203409948533012,1.157736170019743,1.9751441987817704,1.6419786399536958,-2.02263980001371,-0.553687742029664,0
-1.7401986567587933,0.7661908811906911,-1.5667382065787583,-1.101051180823935,-1.9190706790423362,-1.098091293436016,0
-1.8164412264219538,1.6732641709825984,2.221534294002379,-1.4496405771488274,-0.07389227804809223,-2.7745368654343943,0
-0.8412963393864769,-0.5300790901912573,-1.430930782396778,-1.2329831785364096,-0.18101107271570044,-0.2977973995442889,0
-0.6081915947329499,0.818436189874923,0.9430770713164944,0.7197651616441303,-0.9833483186586872,-1.9352305848077576,0
-1.3467617905517737,-2.3254318648920496,-1.5901136035570282,-0.5437386964232844,0.09720797803901671,1.658207372611803,0
-0.23589710125920016,0.7693843320842579,-1.1377931433155695,-2.2491381520607514,0.28375017762136956,0.7706386789501385,0
0.8127255162895979,-1.2762053811670508,1.0537728742791614,1.5620351047308882,0.9505801688415821,1.4981952869151478,1
1.2516200053247115,0.9882994063088839,0.12232649984176125,0.41591279735171727,-0.018172492251581462,0.08318971672151429,1
-0.6122042248962566,-2.2330835145611028,-0.4776454217569729,0.9090607922418406,0.15155598448770213,-0.8022022842362012,0
0.45378999956694854,-0.24422936662071038,0.14592669165822347,-0.3146764929428376,0.8221437350736743,0.15354863832074128,1
-1.626919237391559,1.677956042509986,1.2355010053666682,-1.9547281196350703,-0.155295963856236,0.9773153010514682,0
0.6795039280419346,-0.9393256546855163,0.5879149315071499,2.016175558569855,0.0004516101962308561,-0.9178524318959371,1
-1.5782622695752824,2.3043398226577363,1.80396679001934,-1.991453705368974,-0.1889018224343213,-0.29373808655807515,0
-0.8332081779169767,1.8942975623545673,0.2649252130348734,-0.657232386628599,-1.2796064832121479,-0.7436616133667655,1
-0.7203856814605963,-2.396096963126221,-0.02807383185565482,0.6429628824615035,0.6550786183394153,-0.8289276130048954,0
-1.5327075845077065,1.3301206470722007,0.9868434838478569,1.6310588242081447,-2.6647011890057124,0.7041771224811357,0
-0.4982120349149092,2.6215680643136836,0.7803952673947285,0.7112731129046084,-2.2545636219830287,0.9197052932271652,1
-1.230103984214324,0.9254247334424962,3.2140856267077553,-0.26312156604695114,0.5862082904982342,-0.36969705597108654,0
-1.2916757412890574,2.4974517901130735,0.9694856502940181,-0.17232485103770856,-1.9720838373730611,1.6643123877245405,1
-1.9832062086738855,1.121085328749781,1.6329831084623971,0.6172964058152477,-1.7025015667621097,1.1151667740890134,0
-1.5766381612347693,2.8658814407182067,1.839780459963193,-2.8618544708471125,0.08994676250481015,0.03731117466216158,0
-0.4618992709748958,-1.2480554916977398,-3.8844734633931752,-0.035383359496416356,-1.7693499931805692,-0.17877508378290563,1
-1.7843534446218827,-1.29331484220453,-1.5050028286457204,-0.424564486255276,-0.9792408715131459,0.3202774109710961,0
0.4202486771369901,-0.2863939693518489,0.7523116667325771,0.7163918403247898,0.42315517435695976,-0.008568288010766097,1
0.25508745092014284,-0.8872617852391458,-2.9793080570623918,-4.257380282071027,2.1881172516746172,0.7842997697226155,1
-1.265824326264892,1.9287732545631777,-0.08053918175657482,-0.04271641391394698,-2.283032422895433,0.4027222168728204,1
1.3069203160724792,-0.7588273427590295,-2.9880877357594997,-3.582289150946509,2.3538057683006883,0.5290162998921087,1
-0.6549506678069701,1.4746811038202674,0.7052076820958529,0.4916234960095851,-1.4486130980644596,-0.6390503970850308,0
1.9243703928106894,-2.5715822784105757,2.278172764482061,1.463450818976171,3.471230534336394,-0.6629787800892201,1
-1.3266340797569722,-3.3411767059286235,-1.1977606112622436,-0.1305108479420799,0.7491529619970521,-0.6475729955743991,0
-1.3470863238046518,1.4236495617263998,1.7143198190711568,-1.2132516699274785,-0.039399630249346486,0.647267486440488,0
-1.1021093831002235,1.6956683623929467,-0.3566287326496427,-1.4953824416343795,-1.0848093776674743,0.21145775386723586,1
-0.8867145193486861,4.076583509093208,0.7343783292870092,-2.2255976829160398,-1.3927099572577988,-0.6827823584210693,0
-0.6821658570980852,0.11056568057622729,0.3648367340979426,-2.7634041202819986,1.7053591140609705,-0.22965726872842973,0
0.07489342961744572,-1.0895368381339354,-1.6447311904248187,-1.0584133074299402,0.6165824262498787,0.06475976170456565,0
-1.7131626762147096,1.811668372620518,1.051473277298049,0.426486559926305,-2.195890758695211,0.21454334495696417,0
0.43871835972616746,0.2715532262638505,-1.5202013346690533,-1.215495427533083,0.12163431086509191,-1.5428131420699671,0
0.36335627669035,0.8984294717301368,-1.4139884198462953,-1.5804323965128115,-0.03537128211260998,1.444487488946501,1
-2.911548491195333,3.7310357843671467,3.658798382900917,2.3185490496641656,-4.251028298300501,-2.5803716559651195,0
1.3931906200582864,-2.6143881570046714,2.250810963959842,2.378016320011238,2.4176838036157733,-0.8441166171661257,1
-1.5909440585943575,-0.7411457242089114,-2.4702018517407036,-1.4245450786277318,-1.0590848890247597,-0.6217015562388877,0
0.4497309042545712,-2.4669578790310034,1.983623893889693,0.15687534546720827,3.124107628941679,0.7177934951238125,1
-0.21990944245685806,0.017904068363694403,-1.9527639409221509,-1.3703205852268097,-0.32370264367463464,1.042360462492807,0
0.3079204585621905,-0.9032625709628798,0.46761927875679654,-0.8801406811773427,1.7910922270001213,0.8788823340756451,1
-0.8660710191593339,-0.3564982009975839,-0.8905809973174611,-1.875851327814741,0.4831221619929942,-1.0911290372028166,0
0.42160843660626046,1.1995145500739346,-0.5706260415568154,2.0981166222190932,-2.4376836236407122,-1.8107976005596345,1
-1.2996870397803015,0.6211764601221046,1.4405919376716567,-0.7558538438103329,0.050516723706882094,2.136520745290102,0
-4.776235159009291,0.28152524985910166,-3.013966144274836,1.295797512506872,-6.439343517255759,-0.6715621005842627,1
-1.9809863726790296,1.6911548355465318,1.8867490775076492,-0.9274548716364762,-0.7959064972632612,0.08891432581307872,0
-0.48184866143136873,0.9470927678122378,-1.0877972935041553,-1.4576430598119512,-0.5786350343632508,0.039154591813124515,1
0.010234403769429523,1.532752685342412,-0.5712858719349019,-1.5240684569313003,-0.2709216632342175,-0.014936777320765185,0
-0.7665540675888132,-0.18067285331312333,-2.3096120307950674,-0.8075356543991448,-1.215392739365747,0.9214141806744788,0
1.0566321003555221,-0.4334259801691164,0.2284844926208055,1.9348969129775293,-0.23443236675692908,-0.15961582524821177,1
1.6794621337947153,2.1405953609228727,0.9263373369172472,-2.2751030407262327,1.9750480254447471,-1.0303064732943388,1
1.458634584604714,0.2853530909635631,-1.3980568872642567,-2.6318067280176356,1.981000570263598,0.5677570770860688,1
0.4099376561993351,0.8330147534140275,-0.6826038262816526,-1.6336524612307426,0.5229310690465048,0.8110883397895909,1
0.9121800130070247,-1.8177829646489672,1.2649135682532573,0.8904494734505021,2.0282676686414005,-0.13030659134911202,1
2.586042683437671,-0.43165090295362185,1.8328634362209564,3.2602827889525843,0.8505463231329283,1.011847083639415,1
-0.9547777266649151,0.46934559567957534,1.2279114364000088,-1.3437081777130353,0.7172722085130303,-0.12953140772243416,0
1.152245963343661,-3.018409250931948,1.863775624215946,3.6146361952799664,1.3713147158271037,0.2085048211632423,1
-0.048033725299991836,0.8422982197196025,-0.2048303820621169,-3.821444636451058,2.100778968221173,-0.0665321534418896,0
-2.9153794440288934,-0.08765510052468417,-3.0167529917553684,0.16777670764696384,-3.9916754222305326,-0.9441956443765975,1
1.4002108959643955,1.1441959973444877,-0.01433013027081742,0.0693333122290466,0.15695518944384557,1.3129026539197837,1
1.4194162790534168,-0.1749453929857605,0.5994754913596734,1.3501036814501237,0.5068099148886407,-1.8260454107319009,1
-1.5032318234516473,-0.9246576550972577,-1.2115073044235003,-1.193568263212764,-0.2835463487184158,-0.5835634723159264,0
-1.6841704587080635,-1.388325481815734,-1.460507883625994,-0.24753901648779597,-0.9453031157142313,-3.339500178254242,1
-1.6748375306877248,1.549713493717193,1.8305570867609449,-2.451085264116351,0.6265874561435043,-0.8987672245273987,0
1.3312280258378333,-0.802182725136513,0.9491909860334892,1.8238421846896822,0.7380122151387777,-1.7655828024375149,1
0.8116971890508095,-1.6657294792298192,1.180942157574162,0.9363400842193372,1.764479629959717,-0.9219495270650608,1
-4.113222986058018,0.7720489143301283,-1.6616459015275125,-0.8486009659581549,-3.891088268856755,2.256272265137851,1
-3.503253977099239,1.1099328931506398,-1.3206375230528749,1.2505839660355167,-5.043501070939449,1.116275663755115,1
1.2410700104913623,-1.3947910810993516,1.262420729714789,1.3847917609388758,1.6017391475858613,0.2717956851323369,1
-1.0907068332999872,2.3113164775597355,1.0047265184172103,0.4258011388413696,-2.1205999146482775,-0.6053454033772814,1
-0.529233499529522,0.8204611463616891,0.2498760867704115,-1.1208243760694299,0.02764724970347321,0.7862925633946097,0
-1.309381853246346,-1.1182039372654435,-0.859966188892291,-0.9824765635668637,0.046208900087194194,-1.8269285464778338,0
-0.7929593614904125,-2.1976097969643646,0.22995007619062124,0.2309635882617196,0.9255928158271243,-0.9275121935254043,0
-0.9153191540830385,0.7940455396728578,-0.5735742675945273,-2.7650669970768567,0.49639447982650065,-1.373999547423306,0
0.3700779432833501,2.074090630266289,0.7568941620648915,-1.7369091646790664,0.5681675980611759,-0.9906951209440994,1
-2.4781500250472224,3.2743379232270398,3.7440065635332465,-0.7301965837017396,-1.2947497301830833,-0.05070921986548373,0
-0.8118590749929054,0.8594016212261169,-0.19463919211441238,-0.18939434845315128,-1.1655834848433835,1.3839804911720175,0
-0.5596394954828454,-1.2913351203839984,-0.6363113601940131,0.009887343089866718,0.10643486061777341,0.4711057998624871,0
-0.7974523368551267,0.7148541744034795,0.958414326020652,-1.4640255068944668,0.5878052203314367,-0.08398186880617295,0
-0.7076207368192775,1.27065199128678,0.8800318363045073,-0.7197081075500681,-0.3368692985402405,1.7609895852253519,0
-0.9367383630209682,-1.5272885745141505,-1.029412519814898,-0.5792679599363206,0.20041189548495975,0.6083655428948375,0
-1.7865926036857183,0.18507206315802815,-2.303461386185827,0.04203356482874998,-2.8407381976657025,0.8826480770131198,1
1.2562090797935817,-0.5611527812566932,0.7620117938729718,-0.09801816200267321,1.8346137887937004,0.6570600687590077,1
1.650374410634182,-0.34384374264124484,0.9383163782383741,0.40096532165222454,1.7030659421582568,-0.3127158000173764,1
-0.5443568896913102,2.5445834837717594,1.1805457150302212,-1.4593910689694292,-0.376819875300367,0.48425756659430164,1
0.8731150249297321,2.731848596888719,1.1897802738629593,0.2013562010287162,-0.7102974478382562,-1.120958225206357,1
0.23569333638081802,-4.243679255908854,2.3347638803077633,0.19266846303673701,4.394136508384275,0.1552998414824395,1
0.17741593160824332,-0.9191535972090753,-1.180594348460046,-0.6192867410287826,0.5234934052979952,-0.7649452408782836,0
-2.4282628638525616,1.519155465932668,2.607899250132575,0.32248377633948166,-1.498726629697625,0.5422987693057414,0
-0.7309988491194224,0.6303481186214589,-1.7965569681491098,-1.5513892968034013,-0.8939415147042963,-0.2542481314127337,1
-2.024695763213619,1.1951225239063612,3.379748853809779,1.0252691716911917,-1.0395190368477794,-0.4351636626281992,0
0.19412331388181991,1.3498530423810442,-0.2568075801634194,-1.2429530915838418,-0.03025895918285859,1.3969615804578392,1
0.4275357238488342,1.839995200394561,-1.5996269971070078,-3.681727861657332,0.8074883195084777,2.5046166802715693,0
-0.2595240682219888,1.2229997192393065,-0.8031416344247695,-1.1247072705443564,-0.6871146851532725,-1.9613276561676345,1
-0.06866615295649248,1.862275970465423,-0.7105118720767092,-2.0966715501264432,-0.2154054629208082,0.10731591466196098,0
-0.9610579744049682,0.9723530488093051,-1.9650668850076463,-1.6035451140606918,-1.362219720958743,-1.577702091632859,0
-0.12170348338064763,0.8265545166795154,-0.14446972617158738,-2.1744419077237422,0.8674694374564723,0.7336451466812959,0
-1.6416830780634637,3.5623382154090355,2.1028333215183124,-1.1360678441339016,-1.5716593415552058,0.31988614027450907,1
-1.6040096331136846,2.0185007397896966,-0.0642164467014178,-0.24743513209983548,-2.4289252553754554,-1.0165608790123495,1
0.9257601272821592,-0.5337687370388515,0.7474703353305665,0.26121877850168074,1.2991980067009277,-0.739332789356724,1
-4.525238094752606,-0.41398613611105595,-3.44525833954817,2.4274342071382,-6.873268504139974,-0.7589048395204,1
-1.9208843685322785,3.6626973277637074,1.9713978219395774,-2.951474742678892,-0.5708633276694176,0.47107328094345274,1
1.4747340896487149,-0.6489097468396855,0.8287730435326125,2.015182137770262,0.5202656689538787,2.4007449694593186,1
1.5063331913622378,-1.9368425769591338,1.673381273349178,2.2869641344168836,1.7476174279509626,-0.6171351751023896,1
0.5023891061464284,-2.3868950665631683,1.531621028835372,0.12995874521649498,2.8550699313223147,-1.9890393071510153,1
-0.3225532373748231,-0.7927279860426775,-2.846915428464377,-3.7785369015234846,1.4254341658333707,-1.0032141903900413,1
2.040315328901935,-0.36190326047398635,1.269089104303076,0.7212575114467543,1.9587602243346338,-0.5031569042742675,1
-0.12301852750604836,0.29549790166435574,-1.635081793515584,-2.443487368887805,0.5429882979539769,-1.0106211707894057,0
1.6181685340345555,-0.670997367685902,1.397298129441972,0.5031772174971272,2.1076692835161612,-1.0301561334635947,1
-1.588703693908494,2.13086180545704,2.163681835469579,-0.7437303900931018,-0.7888985254543099,-0.7911481105503015,0
0.9610033016113929,-3.778620591284048,2.4898548815950257,2.6185053307675936,2.8816237082459537,-0.25614059403542655,1
-0.8175656370026521,0.5517282888637917,1.1284719871786795,-1.8042251737066834,1.04272970025983,0.3475891025627698,0
-1.2354172416179194,0.1170917929783093,-0.9844722696788988,-1.7570777575729501,-0.26075492300926795,0.06886201461506992,0
1.3861674215208397,-1.3975483081337419,1.4088610603424785,2.32195704749228,1.098718415913119,-0.6611756348282652,1
-0.6286132624762459,0.13917938931419482,1.016787052719489,-1.9380401089375228,1.5007684350298263,0.7215290294571908,0
-1.815539459456891,0.6867242217423474,1.8385379419866952,0.33315113421924525,-0.9422028368834975,1.4612842775352368,0
-2.652970666270753,0.6683234787807664,-1.672515677204502,-0.19965327955126955,-3.2484644438676344,-1.4027427232362673,1
1.409593815847563,0.18226902511796128,0.6468870854668827,0.08201996309859005,1.2233449075006355,-0.22051308465767064,1
-1.3260171117024546,-1.1287749118756687,-0.20335952108048594,-1.4902018353026887,0.8140213966621163,-0.07109262568726467,0
-1.3886214548435962,1.62258434379489,1.528881854030496,-1.9280949440686168,0.21270369959518054,0.8015143188770092,0
-0.04654533105294334,0.9460351942841525,-2.7585995683951765,-0.8465194223718124,-1.7203336032039407,-0.023977302497963874,0
-0.23409872143586996,1.0945984314398294,-0.4801362842980259,-0.9022947795018214,-0.5507182331310648,0.41802617841187023,0
-0.71727457195309,1.1326686308817306,0.696500647066568,-0.7082403691163508,-0.3662177783357794,0.4196602448120655,0
0.6702804745359384,-2.1123386569593734,0.9162435283447838,2.8789875747463203,0.36756445033667506,0.6072565096596554,1
-1.7773158114768408,-1.663117903285928,-1.7040320167274676,-1.6949320145090772,0.11118279088407802,-0.14122253565425064,0
-1.0044704568892096,2.500750819892369,-0.310485605739351,-0.9682777000730108,-1.9413757129373246,-1.1991372343482705,0
-0.5981868924040258,1.7111596076704316,0.3449098554047849,-0.23306400299512053,-1.2490258186977385,-0.6046620674952157,1
1.0878758590878752,-2.484589343385457,1.5571410876544605,3.691902611158246,0.7099679474493903,-1.6114674308385473,1
-1.5473403361388,1.0440123751100223,2.060276102071523,0.43758940774198773,-0.9417709649903689,-1.0794621147673265,0
1.9588128219500915,-0.5005742910721922,0.9326887934988191,2.9969412932556736,0.09903837236499069,-1.4480634286431249,1
-1.662635807267857,0.04203540134489436,2.0230226019543225,0.2560461672864056,-0.21258393455517233,-0.32201317720783634,0
0.7391010219788305,0.3745476697250032,-1.4350575120713316,-3.4852437081751693,2.009911968535533,-1.001358499230551,1
1.6546698144765961,2.793106656559934,-1.159704271708128,0.8284744156563539,-2.063552323280482,1.3142950105177515,1
-1.5101474919204922,0.1655355546181252,-0.6258697659062034,-1.326604517955298,-0.5994634757130495,0.5957878015993596,0
-0.5418682040926817,-0.5180697497780965,-2.3437458261685484,-1.3284867490498542,-0.44892370053140085,0.8408387593666566,0
-0.3159110553911866,0.10570491809302174,0.5685123686357019,-0.4604779924096769,0.3812060930377006,-0.8208911395056712,0
-0.91057416397023,1.7699616588353697,0.09299838178999265,-2.5152640158962436,0.0321483101814144,0.11032110584719063,1
0.5392675934458322,0.017357141471136428,0.13979634452866851,1.017300848485343,-0.29459087137965023,-0.17216311427804595,1
-1.0707636993501852,1.4070085567813058,0.5185819822622645,1.4228301801912302,-2.5090512356510715,-0.3828169844248543,0
0.6444052804662808,-0.12491691772484548,-2.2637809762738077,-1.716229941606218,0.4745575983339654,1.105631691524071,1
-0.04098591204475788,-1.1604085802999755,-1.4142891875553012,-0.4240501845872051,0.24770630998073748,0.20228905638628883,0
-2.4718721258823395,-4.610809521922478,0.49113991374651644,0.9958846597775601,0.9795270833163565,0.562344039234167,0
1.155485148735646,-1.6804535919409207,1.5262317208163008,1.5436141276975968,1.7792422249732827,-0.8735685338905581,1
1.354208248155436,0.5530707623389655,-0.7966117306896062,-1.5782790882698001,1.294357938807524,-0.8894487492395482,1
-1.9359020996672003,-3.8202331218475196,0.43488718346796107,-0.23494415039138217,1.6995624218937273,-0.9657850201389447,0
-0.3644504039980969,0.13562433752433345,0.6488575366163901,0.5050163708192503,-0.34601750063568043,-2.397498871129658,0
-1.263352070629148,-2.7264982613256428,-0.7022384115823856,-0.8626706861167803,1.2086649690056968,0.4111821595842892,0
-1.8179278725113597,1.0000124274404574,1.8372238699774885,2.4000217662228875,-2.7034746497781716,0.10770414779173078,0
-3.017495574819429,2.330953411355366,0.17924889432919988,-1.0774242401270056,-2.9088835400551787,-0.7601730551152204,1
-0.34168304918334624,0.22083207659695425,0.6288736090594769,-0.9059721562907159,0.6502120111491055,0.19899651379193264,0
-1.616108639042121,-1.0392533089382145,-0.7831473470560248,-1.9346900222311747,0.5239121252026924,-0.41783832412135335,0
-1.4112209517339127,1.5692584249181252,2.216068177870854,1.1522350801601275,-1.6487878174805222,-2.6192427269168923,0
2.245566879780065,-0.293929583362061,-1.7396359798620593,-3.020672683521646,3.041656877451581,-1.669800153096347,1
-2.238927877819819,1.0782386075004866,-1.1343519285039723,-0.003487037258198211,-3.057267977741697,-0.9346787104832548,1
-0.24585340925164345,-0.44828959504880905,0.03874297795177073,-0.594374909138227,0.6007804127233591,-1.3919462407031564,0
-1.066526630572267,2.1160551352444292,1.7795133962226637,-2.19232245072725,0.4491387445471665,0.45026663463948674,0
-0.9061627138240422,-2.2694149366445138,-0.771628891313046,-0.05535693601208935,0.5055262647400559,-0.8555672364232793,0
-0.7112402516160017,-0.027527346994381086,1.08217450353109,-2.1134704276471776,1.7272053113022368,-1.2882056069825194,0
-1.100249912449628,-0.9314724537504979,-2.220697762384221,-1.3484382652760956,-0.4767613776741521,1.239012992015965,0
1.5474989948799835,0.3945401779743074,0.8843474002721956,1.9394629041173426,-0.06610537725455795,-0.32191314113009034,1
1.612238319069335,1.1091538071231621,-0.24012654303970327,4.4484751529133355,-3.0627848357975083,-0.01134518977528034,1
2.1214341179555745,0.2833782969548323,-1.5098747632460445,-3.4958872384884048,3.0402125184660056,-0.17439631834479785,1
-1.4230810062856616,1.8414274993714668,-0.21627326964853433,-3.322711612565459,0.026012204365580605,0.8257263629471786,1
-1.8413510385620202,2.7486704033175915,0.628053064303763,0.8357900031055854,-3.5027405558778844,-1.0633124788617043,1
-1.5176905947482209,-1.5200563347819547,-0.22227279987264348,-1.1965735838500862,0.7181047449782522,0.17549496796099245,0
1.3106390184049863,-0.5510881649073838,1.0544538938916777,1.0871763691119822,1.1596815963123601,1.181359223253573,1
2.9125632189323314,-1.0167839919783757,-2.681637262415385,-4.291808938214654,4.412355852711075,0.5337461037415729,1
0.17988963293504434,-2.146646702099512,1.5651032268695908,-1.0234764809450758,3.3325313735178006,-1.3829349503167812,1
0.9012611357606936,-1.7443275258698325,1.2594053445923166,0.990715975598089,1.8910139352685769,1.4483508569292767,1
2.257748872568146,0.601947652087742,1.2584573104754988,0.9388252263089748,1.2747728993869702,0.13166943463538744,1
1.3830858050214248,0.24179324391448342,0.4188705034650695,0.5332077866331253,0.6894626021360571,1.025917985719278,1
0.06146775268091198,0.13808857442225297,-1.5337502462123003,-2.74618057117954,1.0732546226550324,0.1779168070098723,1
-1.6299055236321047,1.7537382177855028,2.0523501096803685,-0.4548440630518896,-0.8374173918511387,0.5047123656505609,0
-1.7379458243181687,-0.32097071855223414,-1.064652895327791,-1.4830469563125672,-0.5718605930237597,-0.030385489509986232,0
0.5361660743528869,-1.6458335667589596,0.8876025209127842,1.1346603218102496,1.226660174628749,-0.8609011084935029,1
0.7178097306829996,-2.1375764174943885,1.3845901881310891,0.34363576309827537,2.589814273126082,1.238362832510111,1
-0.6346149294281709,-0.4847434503166299,-2.8920914674487195,-2.6427193384564625,0.11036514594790492,0.990194756489846,1
-1.1176920089777393,0.25971948939120537,-0.11577918869218984,-1.137076896522332,-0.21527159625773595,-0.7542060813950472,0
-1.0571502044218293,2.24516034020212,0.47448659718461417,-1.0354781593028368,-1.2796867143421582,-1.0356223474753286,0
-0.5261903107855133,-0.9446334718130155,-1.4811588668615498,-1.4780326035974494,0.48979093086811004,0.18648795396695048,0
1.2757229947800388,0.10563149973919739,0.8706134712501489,-0.5311642469271349,1.770861122762736,0.18456435254537817,1
-0.7053884891338743,1.9692922954494243,0.2461964688292564,-0.0835399553003483,-1.6778625415019528,0.9487069174930661,1
0.2996773015690565,-0.49237537777810225,0.05260473874477045,1.0853184317070752,-0.21545185801606553,-1.0069732718019149,1
0.8856905294364782,-2.178675963349818,0.8760798576412892,1.2488459514782444,1.760688368174467,0.5020192709968649,1
-0.6271517469989384,-1.4893664974765557,-0.8285852791649697,-0.9015220460285784,0.7593518160104755,-0.6235760912020152,0
-0.13378567974175737,0.33541105346559674,-1.6585696608443632,-0.5403763129134203,-0.9246878310837814,-1.9873401768602443,0
-1.092092231191345,0.059319074551373197,-1.854573781081862,-2.675543629013533,0.04552647965247525,-0.3157823764401705,1
1.276035780160383,0.30206987742887637,0.7106986682550087,0.7057660944881905,0.6162880362994324,-0.31055809067858187,1
-1.7247696096644893,-0.5595488826737112,-0.9807061503741817,-1.11197028449035,-0.6216778033217926,1.030240212870275,0
0.10967472919650878,0.19833601725318095,-2.33304056152332,-1.395345186217263,-0.4201517134818116,0.5839549948781336,0
0.34608161723414466,-2.3800267840582525,1.4638215526580753,-0.7089164502158658,3.3210678919036463,0.17437538567501717,0
-1.975125102646078,-1.475403756640294,-1.3189975745400975,-0.8075238775708026,-0.5935370437738773,-0.569651434158326,0
-1.469877358518069,-0.6834076397661591,-0.24983751807781474,-1.4416072230512205,0.33432117536289846,-1.0629096824531188,0
-1.1724753451243812,1.769387814582413,0.01954453011658497,1.6111710876473158,-3.2760107408839554,0.6474088785748029,0
-0.44444637379162666,1.2084039090622158,-0.11866758824713664,-2.0351547570818482,0.2781017330338409,1.0918913141541096,0
-0.48817103184166577,0.3190113531985852,0.3098062693626781,-1.1356550876163438,0.45481686625191353,-1.202416201934709,0
0.6250412783760146,-0.7284139811690477,0.6165035966653345,-1.3187766285973042,2.3153624568387174,0.10295441698891143,1
-2.078240019317966,1.8845438052213783,0.42177396526176003,1.061276901835047,-3.362872561961873,-0.18348724299850708,1
-0.24265475418820326,2.158580034252968,0.8663282334746583,-0.38491605889910774,-0.877281816731551,1.6019475065123963,0
1.49615120074029,-2.27236554335141,2.546100691535046,1.895381493294782,2.790361960289533,1.0667188300543264,1
-1.6284545485721247,-2.1651896301756803,-1.1676013112831891,-1.0525750755013943,0.41352412347249096,0.7416397464647746,0
1.5020382077485661,-1.1776272652983295,1.2269560608305587,1.8896443863839347,1.2420676015771792,1.3172828077775847,1
-2.2034086298521753,-0.49544726063033506,-0.9469445241529143,-1.2217203449109202,-0.9119235417223889,-0.12132527930836483,0
0.4836144321917849,-1.9500426943484999,1.3163537847941051,2.8125658656300523,0.4083748584187574,-0.5911167373847088,1
1.0722717457018982,0.5141531112794793,-0.9294696024242719,-2.50454142917594,1.7271782011761267,1.1940952499461512,1
-1.0649213113436737,2.405440637101068,-0.6937214669775147,-1.7594894155997052,-1.5593023362841425,0.5947785958245864,0
-1.6709553148040972,1.2849917627820495,-0.8123837621660179,-1.9577406074689538,-1.1400638959856229,-1.020301547261473,1
0.7595485635865437,-0.2418185683554166,1.1934380038005825,-0.2654418107866028,1.634703582453284,0.4575164901267476,1
0.25712820804698333,-1.419064467848657,0.7337651911446166,0.6665832744744145,1.1220119877245887,0.8496194674507047,1
-1.9648679335656887,2.973836747811032,2.3588745784943006,-4.221730212551941,1.0574817175493463,0.5135684273533802,0
-2.2570423028324758,-2.9411762922841156,-1.6499665780504038,-0.7160309936230573,-0.04107146612349477,-0.9710981815843147,0
-0.5320544177263344,1.3209740343033223,-0.39672259573857394,-1.4956712172734536,-0.4330260428752529,-0.24444432992436366,1
0.0509334617257442,-1.5420005215828065,0.8998077571756807,1.1713803774358618,0.7818028407911228,-0.4362417701168167,1
1.658386645008385,1.5899099714248894,-0.11060774485035796,2.5522663240326104,-1.874653988901486,-0.9562774575651327,1
-0.5020041039866634,1.0009988594503216,-2.096495954609014,-1.0196914418515681,-1.5628503751046896,0.46534617352664587,0
-0.40031334963711995,0.8623612895719717,-0.2973852968458064,-3.2705642783452333,1.3650082350623405,-0.48095747041611425,0
0.001657137554962218,-2.6100051081862112,1.1916793709337532,1.3017192034523464,1.5702993340793419,-0.6455119260893958,1
-1.7558955739163857,-3.091222573086072,-1.142968181961358,0.03711689589498368,0.17088773861721296,0.2605174218537532,0
-0.13019226786658822,1.0841198778169112,-0.4507840737374079,-4.093822813502288,1.9274435415027256,-1.736095758598499,1
-2.78755184891446,0.03027477308624127,-2.659657270624926,1.1708090404855693,-4.514142046622252,0.5073410218928746,1
-2.126178068459887,-3.1935093270244996,-0.21689382806654567,-0.4816124202122499,0.9160110302018596,0.287987594927325,0
-1.1831777841748055,1.0728355239122136,1.5315293545374793,-0.3906132823575411,-0.3979504731045849,1.2588833732895297,0
-1.1680512144959225,-0.07493499078794108,1.6203513686566842,0.18949828575201977,0.0360230282577666,0.5218087400187319,0
0.7915931617114897,-1.0205784022453472,1.2187838041759322,0.9920805565619237,1.2803574112020566,1.3708991883097699,1
-3.0965474426995865,0.7550603736714314,-2.041302846199346,-1.8714953845696123,-2.6069600230790564,-0.7142461110535925,1
0.0571574411495821,-0.19367620866981805,-0.1123011454331817,-0.8329015268702489,0.7299128408540035,0.8420383973247058,0
-0.3784340804613251,0.957542275797034,-0.6284661858147766,-1.886061107242807,0.08411747816641668,-0.23728118109032606,0
-1.2008188096116175,1.84923155132805,0.31867222019846864,-0.2906559361271185,-1.7558537783897017,0.1530225937258849,1
-1.707375915263278,-0.02862854157217609,-2.4363577512135297,-1.5121520226939154,-1.5558087487236403,1.8303938561281654,1
-0.46799940403074014,-0.08722622458489449,0.6352703578913927,-0.25855147036762893,0.29521502711780245,0.4314538339947598,0
0.8344394974355052,2.524002684432001,2.1185296222710144,-1.6424562834287446,1.3381557822631736,-0.4184710305171959,1
-0.32724292855562487,0.5035801668951971,-1.0646863582433426,-2.845599215453866,0.8914037127591146,1.006304829651524,1
0.5866506857455691,-0.48437131686140666,0.40607417791045997,0.6672666817947157,0.5109922388600695,-0.5205049079705885,1
-0.1181483032844095,2.762294337832603,1.7139482677007334,-0.4607653854962459,-0.6432260518066469,0.13617288306482675,1
-2.019594173532822,2.404677141139234,0.41090838291726395,0.041084649939158835,-2.9301241701213607,0.9241954659902013,1
-1.2131751949899718,1.159914149486669,1.0399446970763304,-0.33244522617350425,-0.8190549800907487,-1.4310186480793956,0
-0.8631833145480517,-0.9037874446138581,1.2487685359593614,-0.9987388078903033,1.4985873218425079,1.8830822530697335,0
0.6981173188628991,0.34948943705497704,-0.39771735197059854,-0.15142655306059072,0.13670630843137627,0.8065820954107351,1
1.7374468765913358,-1.402114986043992,1.8228146477428688,1.1563854674903857,2.4738712490757067,0.48306335926132365,1
2.149424039286186,2.471607377590045,1.6962766703499828,-1.3326423932122116,1.8451167689446775,-0.3091538113565132,1
-1.1847252265396608,0.10527837911441096,2.9084823818167043,-1.827915903216839,2.174457386168006,-0.9341477131078442,0
0.23053231294194654,-2.3888009547773157,1.4263494132664776,0.15799118729846562,2.5749370955476434,-1.4115661551839571,1
-1.2291659702014588,-1.9233117078835318,0.5339087636148645,0.2514326790716308,0.5845180122931504,1.5730603660641642,0
-0.5752622091413506,-0.5787813981173313,0.9622184095358426,-2.310261369616115,2.2856394321521534,-1.2637082939790019,0
-0.2868092314239532,1.8153075490404467,-0.8741922633733781,-2.040038035092228,-0.4814373455086256,-0.4996753249479805,0
-1.483616214618467,1.9975214177858374,1.8891100788562003,1.002180748824994,-2.085058351788743,0.878195463753168,0
-0.9666771915630026,2.1672901081495235,0.6024310365640231,-1.7855447435775433,-0.5239590245782223,0.7674760725200329,0
2.0412723554338457,0.8789624830922422,0.37097181080430097,1.1166868160806231,0.25870799866999816,-1.3461360359559427,1
-1.9080042848800711,0.5997305499363712,2.104157583235348,-1.1632511273188102,0.32578592933181394,-1.3970689203104634,0
-1.210455221922611,0.16558810411680525,-1.861578781531966,-1.1168659024462677,-1.2801148341873334,-1.2441751126778324,1
1.5755103018139922,-2.609753847318222,2.12558635477158,-0.9587507128672208,4.957614104834744,-0.5313638668636889,1
0.46586346520983346,-0.45096788975030133,0.0872323289314717,0.2394178976194512,0.5272849650569816,1.6490662872004866,1
-1.3572922741227555,0.6291889624453618,-1.7300903046513314,-0.9337715094638869,-1.768067568113275,1.4866636642531739,1
-2.318277920772959,-3.034532013162446,-1.2380181985517755,-0.15463973073905035,-0.19122252175558607,-1.4485898025162416,0
-1.165544887582675,-1.5954342833817232,0.7626474225128748,0.3514572641741378,0.4644611092449207,-0.7393506193664882,0
-1.8303350315802356,-0.07785567135500715,-2.2804518750199803,0.5104696261256172,-3.023991175276559,-1.2991955183123356,1
-2.0279197089413814,3.9048922060697246,1.5336935719120954,-0.18988665889539613,-3.1380417265168807,-0.061553337935194664,0
-2.516362129621743,-4.375113199117103,0.32516590315123794,1.2601019863303216,0.4860608075804662,-1.9313768607930384,0
-1.1952887763533846,0.723291898045006,1.6258459554754823,0.06461838802324049,-0.4450750953848808,-0.5108128257696115,0
-1.1074777055552076,-2.6889046508374026,0.09659533046404012,-1.5607482444181815,2.295286434936966,-0.699318207827662,0
2.2676767620976324,-0.5705155053094718,1.8358130163975876,0.25528536084035514,2.9570013023632358,1.1428096387775597,1
0.8244422633373224,-0.5780795881217848,0.47064587661265855,1.024101728402907,0.5220175080778919,0.39964910541896764,1
-0.6617139691348739,0.865589084191544,1.220612537143817,-2.564817165458866,1.5585949974793185,-0.8204578495556687,0
0.03937851556711669,1.0257709522533054,-0.5589660798813506,-1.0197952568358457,-0.26387340109073476,-1.2614189917514007,1
-0.029972401354495082,0.13475172726042628,-0.4227576592080886,-2.549387743551486,1.5296363824347954,0.010344015835761961,0
1.190545565305941,-1.1686769787324836,-3.1866920053955075,-2.9832345311505732,1.9900894330160712,0.5174217991894656,1
-0.30891041239113803,-1.425901813133014,-0.3418660974699149,-0.955700664867827,1.2786597643153828,2.6843457424233113,0
-1.5471415386868994,1.3653468017871875,1.461307812125138,-1.1999993968343006,-0.3056965125479125,1.1136942376836785,0
-1.8247116014047045,-2.0590365524720697,-1.5284948436997015,-0.542572346702104,-0.3997749420927825,-2.10685039135781,0
-1.014115431913438,1.6088167681732948,-0.004456077976596751,-1.042374509193682,-1.0863024306993594,-1.2907888661505926,0
-2.0424152850108217,0.8140859639617279,-2.7512297468351194,-1.5956396580744499,-2.514647300241314,0.43463236547063433,0
-0.1336558465326868,-0.8912368396040593,-3.0801110074805833,-2.108456287873805,0.24712636556797407,0.4420790368010079,1
-1.5770927281034601,0.6676247114314138,-1.6193610148027537,0.3350558428010406,-2.8333282954200465,-0.37405964959128485,1
0.16500879387762346,0.8890515326219924,-0.8189555459366769,-2.223065388220716,0.6632217950964192,-1.210070720101203,1
-0.4626753504941824,1.160036282934191,-2.1899239229278895,-1.056598048567475,-1.674003371926977,-0.3032309240428677,0
-2.0720061002693075,1.7744077436444923,-0.7130224852078474,2.0747299826200125,-4.717800580781447,-0.07906198365827584,1
-1.8570847192194782,-0.8919564407145115,-3.49633836664854,-1.194140218476357,-1.9347112932254793,-0.5013654194839521,1
0.11761262880384016,-0.039283835152515545,-2.2210648644447906,-1.6816963560164728,0.0321899734274389,0.998422823122174,1
-0.9246719963954685,1.6390110469692836,0.1408809648535806,-0.9079695226583646,-1.0553327157670682,1.0555369736494193,0
-0.13520670000811852,0.8684043780101175,-1.2218137636879756,-2.416600992714922,0.36199291370654696,0.2639281535048868,0
-0.5743006379302622,0.5746717918118245,0.663024328602724,-0.6932496951482945,0.09614635263588618,0.45077625365076845,0
-1.2243768798690258,0.6476213588645308,-1.325667370403128,-1.917066149726372,-0.7090425882909359,-0.40318926655379017,1
-1.2231621300129258,-0.5601597751748977,2.633057602330777,0.6025928566008063,0.6352760773061013,0.8659266183051019,0
1.2828828829601648,-1.4949756353448183,1.8087677305003675,0.5347866620898628,2.663399304194251,-1.834391306280583,1
0.26279541974207876,-2.103361203265534,1.186142236926152,0.6491608016598351,1.888786473119894,-1.1412904047560541,1
-2.2791691091130764,-1.813091581599711,-1.6691163428655569,-1.6403656676119247,-0.16808609523539159,-0.38780010886627264,0
1.3388090311578602,-0.563148747970448,-2.408065571283118,-2.3875666793106065,1.6984018022768397,-0.5501327501202914,1
0.7002619364806291,-2.805790994475113,2.288784385569077,0.579761118153594,3.410875206412669,-0.5376745811934424,1
-1.3230028801770481,3.0394771494884765,1.3364846110474715,-2.0148547685693954,-0.7804119944418916,1.5701314155797115,0
3.3050143932734515,0.6030129921234326,1.65004281941362,2.9058804243102085,0.8039627939457122,0.8891717235343964,1
-1.7892524560224559,0.2288104555396776,1.9278184773824953,1.6627053546526556,-1.5401587853657812,0.11003309004750557,0
-0.7439200917768455,-1.8639379813452075,1.1923240439949794,0.008422812640670019,1.4717055313060667,-0.24120274980014564,0
-0.666059279115194,-0.44326512316637423,0.647995290820401,-3.5323920039810512,2.84690282995337,1.6916021653774134,0
0.5952029845635933,-0.8588229396534663,-2.773352700902951,-3.2331940043379745,1.77578929447722,0.9217034851003533,1
-1.2277913656782253,0.3138887462439316,-1.789993999254042,-1.549577406697459,-1.0309448526853797,0.5024472667290073,1
-0.9417409530103698,-1.0561159092678667,-0.6559648032324629,-0.8626749897188342,0.30297601311551736,0.5243260359979053,0
-0.30702129715457627,-2.2453444736139354,0.6877863702314368,-0.15238530894857372,1.872237912675581,-0.4257888429147984,0
-2.51170403885157,-1.986791143775212,-0.6769007960241609,-1.3127954426373118,0.13612981160079896,-2.242955375059794,0
-1.9465726905777507,2.0496374591410245,2.115669099262945,-1.318711677981748,-0.5924224601713998,1.0014686255341387,0
0.8905769083292645,0.11327311617425773,0.3395206680166296,-0.3726909030851282,1.0489574301301308,-1.2831450084462561,1
-1.557968641187301,1.6725168175311371,1.7187039224521539,0.7532725368006572,-1.8288534844235023,-0.43260110655676587,0
-1.1812721100519656,0.6240512670875384,1.7480892964577137,2.7906608935721464,-2.3231500395527194,1.1070642360651346,0
-1.5090764086506345,0.7023425844836646,-1.7006913994178743,-0.8673622841740566,-1.9611978458283112,-0.39232100251274205,1
0.7123606269630208,-0.8322025635326574,1.2509921415424832,2.341511167084871,0.10520292476865523,-1.3527285378042933,1
0.12875761287294785,-1.169404555581953,0.6410149761767336,0.2232004889014032,1.1290384174778605,0.6811856501241133,1
1.5190413798387663,2.668454541025035,1.6802124596592218,-3.6012925473767456,2.930489380862419,-1.1563171123346443,1
1.9216303571250921,-3.0763649573648575,-5.871209533129326,-5.522055242378856,4.133304518820953,-1.3583300842097628,1
1.3537105983658484,-0.9624394940443068,1.1874438769803495,0.2628103056590174,2.1723578767218834,1.6226375380354172,1
-0.07671760142734518,0.013598983073304982,-1.904096857966591,-2.5071087068014384,0.6594249062008004,0.4912029385010012,1
-0.0776878637445958,-0.4599006442262188,-2.3035134964319077,-2.024431634407032,0.39009610449144105,-0.2712051932607258,1
-1.022476456245701,1.4785789841241264,-0.46566541958406193,-1.3264324507403338,-1.0666699524970686,0.15448399571906116,1
-0.3297326452071069,0.8083351225744723,0.20940880669974715,-3.2964514264479394,1.777567416200488,0.21834643339789744,0
-1.8076974637630976,-1.5446990992963083,-1.7699002579718741,-0.9007563397146042,-0.6248369293157183,0.6324424663678476,0
-1.2270157650847846,0.46430869335557723,2.093988950991018,-3.1975897604511996,2.4243401819910044,-0.983793917690822,0
2.032842943926858,-1.5627686389533837,2.1870985193939463,1.7138222810313213,2.603985071082042,-0.1826620398637007,1
1.2340196015843938,-0.4708165405596598,0.4345368303171623,3.4437411189571376,-1.0799395571879846,-1.3285796577239866,1
-0.6869672741920891,0.6363394738021175,0.42750357384958626,-0.34110206847351776,-0.43250396806205804,-1.9450687328637115,0
-0.08473702970160413,0.002764700218464533,-0.45966360055681454,-1.3656896507235663,0.6780379359859966,-1.904452240256916,0
0.36876797086415625,-2.545276618818069,0.8988343964424381,2.3279624307815245,0.8511990621752492,-1.795936551336686,1
-1.6769553433228683,1.0457462134690454,-0.8430258634868908,-2.110001254364977,-0.8822364611408131,-0.7888365616368728,1
0.20206247091710505,-1.349906302058593,-0.6998913957968431,-2.0824913311061435,2.2210713392252193,-0.7923688948043105,0
1.8534737795941127,-0.012737935301458059,0.7195011102319353,0.7114559420167335,1.2564970858762305,0.45436370749865934,1
-0.2657672302955738,-0.7929379507772087,-0.6785913423268433,-0.7997600573474297,0.5494237697140144,-0.2574601849114253,0
-3.4681394060417206,1.3563421055858655,-0.8120502716159843,0.465275500520147,-4.299715359210211,0.5602370394884567,1
1.9583294057672358,3.1074052218054544,2.406092445111484,-1.8551421038651967,2.077653973475753,0.16573336086491727,1
0.013748562905722128,-0.33251703464428284,-0.32200626753099904,-0.4086809697336399,0.353428803330151,-0.011390408478731559,0
1.2795271661286924,2.454952843548371,1.5585513219278484,-1.7775697993591475,1.4739827875280676,-1.8132332860030453,1
1.8830776690938271,-0.5722992850603882,1.8410117105573893,2.4087418648418213,1.077756187900368,-0.5422377180278297,1
-2.714053437349809,2.8579527340546895,0.5959091420626192,1.6320236795287788,-4.825202169436231,-0.8318812434238743,1
-1.1165267956770049,0.7218246640442907,-1.6611342836905045,-2.093599832050482,-0.7524777063464436,-0.7217872012344094,0
0.3669896190555324,1.1878923651591233,-2.227770025368968,-2.177686114024519,-0.27859311375486184,1.2543135329386388,0
-1.8264000717383382,-2.609159386625165,-0.210227162547737,0.17712581596957322,0.23863768572140542,-0.8108511341406807,0
-0.4980043641968088,0.23180650736046893,-1.063268797976022,-1.400513909323534,-0.11848311772110864,0.7018757813079195,0
-0.7431996372943739,0.28491969902516934,-0.8644973141660655,-0.14159401845072328,-1.1521919784597305,1.3141518113477852,0
1.005585156079424,0.6572599353115893,0.37342526918061525,-0.1356231898280793,0.5961472101197633,2.6779772761698784,1
0.1725173569009879,1.1996484038033155,-0.5553005440461497,-0.6768589432667204,-0.5419838735842254,0.16751761253004238,0
0.4674657067130923,0.898263408418706,-1.0199484859386465,-1.147142319470354,-0.04589687427214173,2.920752565885881,1
-1.0273873931764586,-0.14445138899350218,-2.110310348563046,-1.8725976117046401,-0.5169027527375208,2.0120341309606107,1
-0.5830102387064933,0.5904418603309813,-0.8570764673266684,-1.4026379636729398,-0.30536757901395306,0.009226434144327274,0
-3.2893199383873504,-2.3158200298941596,-1.906793216702507,-1.4480508655113453,-0.8362394456671303,-0.43635946871824044,0
-2.881568021614264,0.3107080108212862,-2.1432163205846155,0.5528070593856611,-4.007810288824484,1.4501926306346884,1
-0.890210135774468,-1.6842242931393123,1.4409591723580313,0.6272584721467289,0.9281772305412437,0.4826940516161541,0
1.08289929821761,-0.3787934860709825,0.6229941436542332,1.919362333292967,-0.005087223792699325,-1.724504786074786,1
-2.1653137365229953,-3.1841181829507614,-1.2531161627181775,-0.5722805076002779,0.3264262157324411,-1.1767035145324671,0
1.5726797121239526,0.24112506651551646,0.6908908192496579,2.229350626651107,-0.27277252757005305,0.6264904015105582,1
0.16369857695098622,1.499392472331592,-0.7874231821738247,-3.4372270793602437,1.1593887636979652,-0.38423801846367056,0
1.2202447672352577,-0.9402406976668388,1.1141723363403815,0.016667033745805915,2.1993412577832334,-0.012581382817597533,1
-0.07781867685686894,-2.387186360004049,0.7739547457190721,1.2180663468753776,1.1684483069853608,0.021881320571318308,1
-0.6634853969177968,0.6124751609203898,-1.3784771357455672,-2.8135622117853143,0.35893637758695585,-1.5403374931213956,1
1.060867765950426,-1.9509096003721784,1.4752970025233925,-0.737338773471184,3.568289014886524,0.36903233145025566,1
2.1482151781803225,-0.15467295425952943,1.323880478757075,2.591970195972238,0.5314840991433537,-0.7886146977626303,1
-0.7149445816625355,-1.0404540213796745,-3.165494648052567,-3.588627005096389,0.9808512388360424,-1.2455205895013357,1
-1.5559624100888398,-0.6386462244963912,-1.6709302796562415,-1.8592549479878164,-0.30153219340097465,0.6268336570281299,0
-0.04226646126225675,-0.36949296126449416,-0.06584918595115119,-0.6795657019047951,0.6942100373682077,-1.235837741352225,1
-2.2695549464345843,-2.3073357912944275,-0.5471716449730901,-0.7373095269326762,0.1850124866913132,0.380198369153394,0
-1.8660927820572621,-1.5195562057500651,-1.8077902436854432,-0.3943692154292371,-1.084820980378157,-1.355529499576268,0
-1.0784320567840697,0.8875914284595162,-0.960256444593671,-0.5815591327640862,-1.5463267196889183,-0.9621891799806851,1
1.1920127424834963,-0.23590134224288128,0.694529458263975,0.6734407844810653,0.9455010309098999,1.330807242034411,1
-2.123197345327451,-0.1938765754786067,-2.7006327553820393,-3.5389925205352304,-0.390876066599255,-0.9788092107990611,1
-3.2901507405989254,1.0657237210677808,-1.4037382350871692,0.7470517396805059,-4.532647424595295,0.03850698249575914,1
0.10931496281093867,-0.7075197159197941,0.12518528594652523,0.12667620992544204,0.5544410512604322,0.5834429784980668,1
-1.7332967626548954,1.5299025543985902,-0.6106118620770217,-1.0103099633955586,-1.9411422767763284,1.1154666830952116,1
-3.397348945164174,-3.277870179522923,-1.293543435224592,-0.682187649989095,-0.4449452237075999,0.4268269747660109,0
1.1105682468817772,0.13810235765160006,0.11687234782871658,1.379150857866644,-0.24752436964921704,-0.16742420168359312,1
0.6561066716472306,-0.604375476927218,0.3727202688034704,0.9527423108402278,0.4125428206287895,1.1311512782861777,1
1.7457088548843056,-0.8642606663932979,1.389406465353875,3.1008305043271664,0.39522009095773236,0.7334528831410846,1
0.5725607306991117,-0.9275786191498425,0.9981102658303334,1.8400069682706581,0.2921392725880516,0.8602629714011955,1
0.6673543103211194,-2.5510916580960092,1.8786223478764055,2.526124126714629,1.5126816646951196,0.5600151474079267,1
-0.8732443406296793,-0.9354410440474114,-0.10685966159813731,-0.5031162674778236,0.33020746449995986,-0.07384592716454927,0
-0.04939305103198366,-0.19346413403847018,-0.6695537589204521,-1.8168793859709749,1.0509172373751592,0.18884635713091394,0
-1.4600703428937014,1.8758471662646405,1.0914900405723624,0.3514815190998464,-1.9770705808653593,-0.441605223421021,0
0.70621820362356,0.5638044370829824,-1.1136535930020586,-1.433998915757436,0.5185578093966496,-0.37496407794779296,1
-1.4906453162328923,2.6156212577710063,1.6849574960986176,-1.3914777546310093,-0.8612132872082598,-2.4819863357203054,0
-1.880332439875148,-1.9932284672251268,-1.5453440605109137,-0.3021407234146043,-0.6753767813124432,-0.798190624421264,0
0.38164738635089845,1.8270631820004912,0.32864058511020944,-1.521636323250276,0.33163346385289794,-0.7006526543445547,1
0.9660444837520223,-0.005533265390741837,-1.486975183268287,-2.940280429277206,2.0030258015762197,-0.22423020660474796,1
1.2390655925717726,0.029645875308554448,-1.5286164978667038,-4.1789342159951115,3.0744976098935144,-1.859934861826606,1
-0.7512301983307355,0.7100605993398212,0.7137718895022773,-1.1377788185591957,0.2347626895261557,1.0967006321083048,0
0.766135567157317,-1.961197860675005,1.4954873981794434,2.460676311606105,0.9910054835884792,0.67021165563331,1
-1.6987092198046052,-0.810333971727189,-2.4007431193826454,-0.949267997927007,-1.4013788367563818,0.528517884394926,0
-1.018523501846625,1.365298281650726,0.39064268441018624,1.065472060158799,-2.2525584096855757,-1.4365427340442345,0
-2.9613959602335767,0.8416845015093708,-1.2114648926766063,0.5895938291190015,-3.90469209190303,0.9473623994599645,1
-1.2979076337846156,-0.4638949953537903,2.1336092278931074,-0.257026968337718,0.8543227491139089,-1.116404779950032,0
1.0429160103241397,2.548596817694894,1.114083065206005,-2.1027230114452236,1.21216085501783,1.2317682294894925,1
-1.8148418052194666,2.116646186113776,2.1713060593210525,-1.0128084877295231,-0.7380989283007993,-0.15102595384705314,0
0.12625801673586645,2.034241415868882,0.650104443030189,-0.020302095656413943,-0.9240497540007544,-1.476947309645349,1
-0.22482927863954494,-1.9767352029811072,0.83228524722699,-0.13199681349348302,1.8158225936468848,0.9065657606837013,1
-2.2200648475511473,-0.04788431120392311,-2.642984848613873,-0.703250371547233,-2.6412940559488414,0.562368291616678,1
-2.026064346442709,1.1885104054172302,2.2362501572862516,0.9817622457470139,-1.6900504902552724,-2.0029490206721627,0
-2.1933283120700597,-0.29445976577958266,-0.1781604561130422,-1.213148650820128,-0.5898183855949611,0.20023957346147908,0
-0.2375189397952746,0.06998375922637223,-0.42311740076333093,-0.7933200649379996,0.1156656566689428,-0.6221278372567142,0
0.19727579663494876,-2.450006878830994,1.494196194045201,-0.8549643727341834,3.388969224817426,-0.4156882002895627,1
2.2588472231220575,1.8976838292898806,1.0769319881320345,-3.447247906693033,3.5290965932009257,-0.6654539330308965,1
-0.14043218841870797,1.225470343873275,-1.0194013242036757,-0.9879435595782899,-0.8341158107723862,0.9015512565747645,0
-0.3277134402390599,-1.374394900537963,-0.9941437732448055,-1.0665431526684837,0.9199694382294941,-1.7349276321350622,0
